1,-1.86415,1.21381,1.11575,-0.922329,-0.9844,-0.971661,1.03221,1.22874,-1.22187,-1.18719,21.634,-15.143
2,-0.305682,-1.03811,-0.609484,1.41397,0.986337,0.442206,-0.657966,-1.11706,0.512156,1.63751,6.05598,-11.34
3,2.07786,0.200446,0.699315,-0.038324,-0.088611,1.00775,0.468816,0.542163,-0.444547,-0.084872,11.8155,-20.249
4,2.07786,0.031551,0.044915,0.087962,0.150267,0.25369,0.257544,0.771022,-0.205372,0.604079,11.8648,-20.2335
5,-0.030658,1.15752,0.401861,-0.985472,-1.10384,-2.10275,0.257544,1.51481,-1.22187,-1.0494,24.5041,-13.6014
6,-1.13075,-0.925518,-1.20439,0.593108,1.22521,-0.029083,-1.50305,-1.28871,0.57195,0.741869,2.16014,-4.07425
7,-0.030658,1.4953,1.05626,-1.23804,-1.34272,-0.59463,0.609663,1.28595,-1.22187,-1.39388,21.002,-15.4845
8,2.16953,0.707129,0.996769,-0.417184,-0.208049,1.10201,1.3139,0.484948,0.033804,-0.153767,13.571,-19.3657
9,-0.122333,1.4953,0.34237,-1.04862,-0.805242,-0.406114,0.53924,1.40038,-1.46105,-0.842718,24.0203,-13.8685
10,-0.855729,-1.3759,-0.787957,1.47711,0.74746,0.347948,-1.15093,-0.888206,0.990508,0.672974,4.38735,-8.27281
11,-0.305682,-0.700325,-0.668975,0.277392,0.68774,1.00775,-0.869237,-1.34592,1.1101,0.948555,6.69327,-12.5276
12,-0.122333,1.4953,1.11575,-1.04862,-0.9844,-0.311856,0.820935,0.599377,-1.34146,-1.60056,21.7869,-15.0503
13,-1.13075,-0.981816,-0.847448,1.47711,1.64325,-0.029083,-1.01008,-0.888206,1.52865,0.259603,3.76188,-7.10867
14,0.152691,-0.925518,-1.32337,0.719394,0.68774,0.25369,-0.446694,-0.830991,0.57195,0.810764,6.03553,-11.2833
15,-0.030658,-0.644027,-0.96643,1.41397,0.807179,1.00775,-0.37627,-0.773776,0.87092,1.29303,7.53562,-14.0517
16,1.25279,0.650831,1.05626,-0.922329,-0.506646,0.159432,1.3139,0.771022,-0.683723,-1.18719,15.3532,-18.4593
17,0.33604,-0.193641,0.937279,-0.606613,-0.208049,0.819237,0.53924,-0.316058,0.093598,0.397394,10.1399,-19.0106
18,-0.214007,0.538235,0.282879,-1.36433,-1.283,-1.53721,-1.08051,2.02975,-1.22187,-1.32498,26.8094,-12.3811
19,-0.397357,-0.53143,-0.252539,0.593108,0.508582,1.10201,-0.024151,-0.373273,-0.922899,0.259603,9.21383,-17.2428
20,1.43614,0.36934,0.34237,0.214248,-0.864962,2.04459,0.257544,0.542163,-0.444547,-0.084872,11.0616,-20.4614
21,0.061016,-0.587729,-0.549994,1.22454,0.568302,0.913494,-1.43263,-0.659347,0.392568,1.43082,7.68507,-14.3334
22,0.061016,1.38271,0.401861,-1.23804,-1.34272,-0.783145,0.257544,2.02975,-0.803311,-0.773823,25.1496,-13.2745
23,-0.580706,-0.981816,-0.787957,1.09825,0.807179,0.724979,-1.08051,-0.716562,1.46886,0.672974,6.29832,-11.7946
24,1.80283,0.594533,0.282879,0.340535,0.090547,0.159432,1.10263,0.313304,0.27298,-0.567138,12.0577,-20.1659
25,-1.03908,-1.15071,-1.08541,1.1614,1.40437,0.25369,-1.08051,-0.888206,1.40907,0.672974,4.54662,-8.55526
26,2.07786,-0.137343,0.223388,0.214248,-0.14833,0.819237,0.53924,0.771022,-0.384753,0.121813,12.7165,-19.801
27,-1.3141,-1.4885,-0.847448,1.47711,1.22521,0.159432,-0.587542,-0.602132,1.22968,1.29303,5.76048,-10.7987
28,-1.3141,-0.981816,-1.08541,0.593108,1.22521,0.065175,-1.6439,-1.11706,0.27298,0.741869,5.06402,-9.47742
29,-0.580706,-0.53143,-0.371521,1.03511,0.74746,1.00775,-0.305847,-1.00264,0.691538,1.7064,8.42812,-15.7337
30,-0.122333,1.43901,1.05626,-0.922329,-1.40243,-0.029083,0.609663,0.599377,-1.40125,-1.46277,21.1773,-15.3863
31,0.886087,-0.081045,0.104406,0.466821,0.150267,0.819237,0.046273,-0.430488,0.751332,0.810764,9.74662,-18.2666
32,-2.13917,-0.812921,-1.02592,0.782537,0.926617,-0.029083,-0.869237,-1.28871,0.990508,0.604079,1.41353,-2.65854
33,1.16111,0.087849,0.818297,0.529964,-0.088611,0.442206,0.046273,0.370518,-0.324959,0.879659,10.1071,-19.0076
34,0.152691,1.38271,1.35371,-1.23804,-0.924681,-0.311856,0.609663,0.99988,-1.22187,-1.1183,21.1749,-15.3847
35,-0.580706,-1.20701,-0.847448,0.84568,1.34465,-0.029083,-0.798814,-1.28871,1.52865,0.328499,2.34922,-4.42342
36,0.152691,0.819726,1.4727,-0.985472,-1.40243,-0.406114,1.17305,-0.029985,-1.04249,-0.911613,17.6529,-17.2612
37,1.16111,0.819726,1.11575,-0.669756,-0.566365,-0.406114,1.45475,0.713807,-1.10228,-0.498243,15.0926,-18.5812
38,1.43614,0.031551,0.104406,0.908824,0.329424,1.5733,0.750511,0.141659,0.392568,0.259603,10.2723,-19.2487
39,-0.67238,-1.20701,-0.96643,1.41397,1.58353,-0.217599,-1.43263,-0.945421,1.52865,0.328499,3.73924,-7.06424
40,-0.305682,0.538235,1.88913,-1.55376,-1.283,-0.500372,1.3139,0.542163,-1.16208,-1.25609,19.4393,-16.3066
41,2.16953,0.538235,1.11575,0.024819,-0.626084,0.25369,1.17305,0.256089,-0.623929,-0.015977,12.6373,-19.8449
42,2.35288,0.313042,0.223388,0.340535,0.389144,0.819237,0.53924,-0.258844,0.87092,0.741869,10.7843,-20.2768
43,0.244365,1.4953,0.877788,-1.6169,-0.805242,-1.91424,0.327968,1.51481,-1.34146,-1.73836,24.5011,-13.6139
44,1.34446,0.594533,0.163897,0.340535,-0.267769,0.913494,0.609663,0.427733,-0.384753,0.466289,11.8446,-20.2904
45,1.52781,0.200446,0.758806,-0.101468,0.030828,0.347948,0.820935,0.141659,-0.504341,0.259603,11.8322,-20.2589
46,-0.030658,1.15752,1.53219,-0.922329,-1.40243,-0.783145,0.680087,0.942666,-1.10228,-1.1183,18.937,-16.5711
47,0.702738,-0.812921,-0.31203,1.28768,1.34465,1.95033,-0.446694,-0.544917,0.631744,1.7064,7.7147,-14.3988
48,-0.397357,1.32641,-0.014576,-1.23804,-0.685804,-0.59463,0.468816,1.28595,-1.34146,-0.911613,24.7134,-13.5147
49,1.25279,-0.024747,-0.847448,0.277392,0.508582,1.95033,0.18712,-0.029985,0.392568,0.259603,10.1188,-18.9822
50,-0.030658,-0.53143,0.580333,0.151105,0.508582,1.5733,0.327968,0.256089,-0.085784,0.948555,9.88621,-18.5182
51,-0.855729,1.83309,0.223388,-0.922329,-1.04412,-1.53721,0.18712,1.40038,-1.10228,-0.980509,22.4867,-14.6905
52,-2.0475,-1.20701,-1.08541,0.529964,0.628021,-1.25443,-1.6439,-1.11706,1.0503,0.535184,1.92713,-3.64188
53,-0.214007,-0.812921,-0.96643,0.84568,0.926617,0.065175,-0.587542,-1.28871,0.930714,0.810764,5.9788,-11.1715
54,-1.03908,-1.09441,-0.96643,1.28768,0.68774,-0.406114,-1.85517,-1.40314,0.930714,0.328499,3.60425,-6.80002
55,-0.030658,-0.925518,-0.549994,1.22454,0.986337,0.347948,-0.869237,-0.888206,0.57195,1.63751,7.26998,-13.5607
56,1.16111,0.256744,0.996769,0.087962,-0.924681,0.065175,1.3139,0.427733,-0.504341,0.052918,14.9785,-18.6569
57,1.25279,-0.024747,-0.193048,0.529964,0.389144,1.95033,0.609663,-0.144414,-0.265166,0.741869,10.2422,-19.2297
58,-0.030658,-1.15071,-1.44236,0.403678,0.68774,0.25369,-0.37627,-0.830991,1.16989,0.466289,5.78588,-10.8197
59,-1.13075,1.15752,0.461352,-1.30119,-1.04412,-1.25443,0.257544,1.62924,-1.22187,-1.1183,24.9396,-13.389
60,-1.40578,-1.3196,-1.20439,0.277392,0.986337,-0.217599,-1.29178,-1.34592,1.76783,0.535184,1.16442,-2.1862
61,-1.22243,-1.4322,-0.906939,0.403678,0.448863,-0.029083,-1.43263,-1.23149,0.87092,0.535184,1.71656,-3.23807
62,-0.214007,1.27011,0.580333,-0.859186,-1.283,-1.34869,0.398392,1.51481,-1.10228,-1.0494,24.2516,-13.7426
63,1.61948,0.707129,0.461352,-0.796043,-0.805242,-0.029083,1.5956,0.484948,-0.803311,-0.291557,14.2812,-19.0021
64,-0.764055,-1.4322,-0.96643,0.529964,0.807179,0.536463,-0.869237,-0.830991,1.16989,1.01745,5.8785,-10.9946
65,-0.305682,0.819726,0.461352,-1.55376,-1.04412,-1.25443,-0.305847,1.8581,-1.28166,-1.25609,27.0989,-12.2235
66,-0.397357,-1.09441,-0.431012,1.28768,0.807179,1.38478,-0.235423,-1.23149,0.57195,1.63751,7.76785,-14.4978
67,-0.489031,-1.3759,-0.847448,1.03511,0.74746,0.25369,-0.37627,-0.773776,0.751332,1.7064,7.03927,-13.1278
68,-1.49745,-0.925518,-0.728466,1.41397,1.46409,0.159432,-1.29178,-1.17428,0.691538,0.190708,3.57482,-6.75183
69,-0.489031,-1.03811,-0.787957,1.22454,1.22521,0.25369,-0.657966,-0.602132,0.57195,1.29303,6.58255,-12.3007
70,-0.122333,-0.756623,-0.371521,0.908824,0.807179,1.5733,-0.446694,-0.602132,0.57195,1.84419,8.01423,-14.9777
71,-0.305682,1.83309,0.877788,-1.68005,-0.9844,-1.25443,0.468816,1.28595,-1.16208,-0.842718,23.0762,-14.3696
72,0.061016,-0.869219,-1.02592,0.403678,0.926617,0.25369,-1.15093,-0.830991,0.930714,1.22414,5.55385,-10.3948
73,-1.03908,-0.812921,-0.96643,1.47711,1.52381,0.724979,-0.869237,-1.23149,1.58845,0.672974,4.04827,-7.64251
74,-0.214007,1.04492,1.82964,-1.04862,-1.04412,-0.783145,1.38433,1.0571,-1.22187,-1.80725,19.4978,-16.2861
75,-1.77248,-1.5448,-0.96643,0.593108,0.807179,-0.123341,-1.85517,-1.23149,0.87092,0.397394,1.81781,-3.44111
76,2.16953,0.481937,0.996769,0.214248,-0.208049,0.724979,0.609663,0.484948,-0.265166,0.328499,13.1542,-19.577
77,-2.50587,-1.4885,-1.26388,0.529964,0.508582,-0.029083,-1.78475,-1.28871,1.40907,0.672974,1.13367,-2.1806
78,1.98618,0.425639,0.282879,-0.227754,-0.327488,0.630721,0.750511,-0.258844,-0.564135,0.397394,13.505,-19.4223
79,-0.67238,-0.925518,-1.56134,1.09825,1.28493,-0.406114,-1.01008,-1.23149,1.40907,0.328499,1.61977,-3.06434
80,-0.030658,-0.306238,-0.252539,1.03511,0.508582,0.442206,-0.798814,-0.373273,0.57195,1.49972,8.75947,-16.376
81,0.061016,-0.362536,-0.252539,0.782537,0.628021,1.00775,-0.446694,-0.716562,0.751332,1.56861,8.92313,-16.7236
82,1.25279,0.538235,-0.133557,-0.7329,-0.387207,0.724979,-0.164999,0.141659,-0.205372,-1.1183,13.5004,-19.3935
83,0.152691,0.36934,1.11575,-0.796043,-1.04412,0.065175,1.17305,0.484948,-1.16208,-1.32498,15.8436,-18.2224
84,-0.305682,-1.15071,-1.73981,0.971967,1.40437,-0.500372,-1.57348,-1.23149,0.930714,0.190708,2.83387,-5.36271
85,1.06944,0.031551,-0.847448,0.403678,0.568302,0.630721,-0.024151,-0.602132,-0.444547,1.56861,8.9086,-16.6714
86,-0.947404,-1.3759,-1.38287,0.84568,0.74746,-0.500372,-1.01008,-1.23149,0.811126,0.535184,2.63865,-4.98852
87,1.25279,0.650831,0.639824,0.151105,-0.088611,1.47904,1.24348,-0.0872,0.691538,0.741869,11.0432,-20.4456
88,-0.397357,1.10122,1.71066,-1.1749,-1.16356,-0.783145,0.891359,0.942666,-1.04249,-0.773823,20.7122,-15.6189
89,-1.13075,1.6079,0.223388,-1.42747,-1.22328,-1.16018,-0.37627,1.4576,-1.28166,-0.842718,22.6007,-14.6344
90,2.16953,0.594533,0.937279,-0.290897,-0.506646,0.159432,1.45475,0.484948,-0.683723,-0.015977,13.6178,-19.3472
91,2.26121,0.538235,0.818297,0.087962,0.508582,1.00775,0.116696,0.313304,0.332774,0.121813,10.5462,-19.9197
92,-1.03908,-1.4885,-1.26388,0.403678,0.926617,-0.217599,-1.01008,-1.17428,0.990508,0.672974,2.61056,-4.9151
93,-0.489031,-1.03811,-1.26388,0.087962,0.74746,1.47904,-1.01008,-1.00264,1.40907,1.56861,6.20944,-11.6142
94,-0.397357,-0.812921,-1.20439,1.1614,0.68774,0.25369,-1.01008,-0.773776,1.40907,0.672974,4.7813,-8.90563
95,1.80283,0.538235,0.461352,0.024819,-0.14833,0.724979,0.820935,0.542163,-1.10228,0.397394,12.2215,-20.0499
96,-1.03908,-1.03811,-1.08541,0.593108,0.74746,-0.406114,-1.57348,-1.34592,1.76783,0.604079,1.39077,-2.60699
97,-0.214007,1.04492,0.223388,-1.36433,-1.04412,-1.72572,0.116696,2.02975,-1.22187,-1.39388,26.3374,-12.6408
98,-0.67238,-0.53143,0.044915,1.1614,0.389144,0.819237,-0.024151,-0.373273,0.27298,1.22414,9.23752,-17.3113
99,0.519389,0.256744,-0.074066,0.340535,0.030828,1.66756,0.53924,0.084445,-0.02599,0.397394,10.3615,-19.4425
100,-0.580706,-1.15071,-0.906939,1.22454,0.807179,0.724979,-1.22136,-0.773776,1.40907,0.948555,7.1235,-13.2847
101,-0.489031,-1.15071,-0.371521,1.35083,-0.14833,1.19627,-0.37627,-1.00264,0.930714,0.741869,6.78274,-12.6656
102,-0.305682,-1.3196,-1.08541,1.54026,1.52381,0.630721,-0.72839,-0.659347,0.631744,0.397394,5.71541,-10.6974
103,-0.122333,1.10122,0.877788,-1.6169,-1.283,-1.16018,0.398392,0.942666,-1.34146,-1.39388,22.9904,-14.4154
104,-0.305682,-1.5448,-0.728466,0.340535,0.74746,0.347948,-0.869237,-1.11706,1.52865,0.466289,4.31546,-8.11775
105,2.07786,0.650831,0.937279,0.024819,-1.04412,0.25369,1.38433,0.313304,-0.444547,-0.015977,13.5899,-19.3592
106,0.611064,-0.137343,-0.074066,0.466821,0.389144,1.00775,-0.235423,-0.830991,0.392568,1.43082,9.42492,-17.6449
107,-0.855729,-0.644027,-1.32337,0.466821,0.389144,0.159432,-1.22136,-1.11706,1.22968,0.535184,4.1095,-7.76762
108,-0.397357,-0.475132,-0.787957,1.03511,0.68774,0.724979,-0.657966,-0.544917,0.332774,1.36193,7.78651,-14.5119
109,0.061016,1.04492,0.401861,-1.04862,-1.40243,-2.10275,-0.446694,2.02975,-1.34146,-1.1183,25.6135,-13.0198
110,-0.855729,-1.15071,-0.96643,1.54026,0.150267,-1.25443,-1.50305,-1.11706,1.40907,0.466289,4.3467,-8.2041
111,0.427715,-0.024747,-0.014576,0.529964,0.508582,1.95033,-0.446694,-1.00264,0.153392,1.01745,9.74983,-18.2979
112,-0.030658,-1.15071,-0.728466,0.719394,1.22521,-0.311856,-1.3622,-1.00264,0.392568,1.22414,5.04596,-9.44833
113,-0.305682,1.4953,1.23473,-1.49062,-0.9844,-0.217599,0.609663,1.22874,-1.34146,-1.25609,22.626,-14.623
114,-1.03908,1.38271,0.520842,-1.55376,-0.9844,-0.406114,0.257544,1.28595,-1.34146,-1.1183,22.9638,-14.4313
115,-1.40578,1.32641,1.35371,-1.30119,-1.46215,-0.500372,0.257544,1.22874,-0.922899,-0.567138,19.8931,-16.0698
116,0.061016,1.27011,1.35371,-1.49062,-1.22328,-0.029083,1.24348,0.942666,-1.46105,-1.0494,19.9202,-16.0524
117,-0.67238,-0.475132,-0.431012,1.28768,1.1655,0.25369,-1.99602,-0.945421,1.1101,1.7064,7.19321,-13.4171
118,-0.030658,-0.587729,-0.133557,1.09825,0.090547,0.819237,-0.939661,-1.11706,0.57195,1.49972,8.79684,-16.4661
119,-0.397357,1.15752,0.937279,-1.68005,-1.283,-0.877403,0.53924,1.62924,-1.34146,-1.18719,24.9466,-13.3711
120,-0.305682,0.932322,-0.014576,-1.6169,-1.10384,-1.91424,0.116696,2.08696,-1.34146,-1.25609,27.2758,-12.1397
121,-0.305682,1.04492,0.282879,-1.23804,-1.283,-1.16018,0.53924,2.20139,-1.34146,-1.66946,26.7625,-12.4072
122,-0.67238,-0.475132,-0.906939,1.41397,1.04606,0.724979,-1.01008,-0.602132,0.930714,1.43082,6.68091,-12.5007
123,1.43614,0.98862,0.937279,-0.669756,-0.685804,0.347948,1.5956,0.771022,-1.04249,-0.842718,15.5433,-18.3536
124,-1.3141,-1.4322,-1.26388,0.529964,0.68774,-0.59463,-1.08051,-1.23149,1.40907,0.259603,1.42824,-2.6761
125,1.61948,-0.53143,0.996769,-0.922329,-0.864962,-0.406114,1.5956,0.656592,-0.743517,-0.704928,14.3957,-18.9333
126,1.61948,0.36934,0.758806,-0.101468,-0.028891,1.00775,1.10263,-0.373273,-0.02599,-0.291557,12.2729,-20.0494
127,0.702738,0.98862,1.35371,-0.796043,-1.283,-0.217599,2.01814,0.942666,-0.564135,-0.429348,16.5203,-17.8584
128,2.07786,0.200446,-0.31203,-0.35404,0.150267,1.47904,0.468816,-0.659347,0.691538,0.466289,10.7732,-20.2816
129,0.061016,-0.925518,-0.847448,1.28768,0.866898,-0.311856,-0.798814,-0.830991,1.0503,0.948555,5.75616,-10.7731
130,-0.397357,1.83309,0.818297,-0.796043,-1.34272,-1.16018,0.18712,1.34317,-1.16208,-1.1183,24.1311,-13.8185
131,-0.67238,-0.812921,-0.96643,1.28768,0.926617,0.724979,-0.869237,-0.716562,1.40907,1.29303,6.80712,-12.7094
132,-1.22243,-1.3759,-1.08541,1.54026,1.28493,-0.029083,-1.57348,-1.17428,1.34927,0.397394,3.85447,-7.24581
133,-0.397357,-0.587729,-0.96643,1.28768,0.807179,0.913494,-0.164999,-1.17428,0.87092,1.29303,7.04362,-13.1438
134,1.25279,0.256744,0.937279,-0.038324,-0.924681,0.630721,1.17305,0.484948,-0.265166,-0.704928,15.0116,-18.6272
135,-0.67238,-0.869219,-1.68032,0.782537,1.28493,0.347948,-0.72839,-0.773776,0.930714,1.36193,6.94501,-12.97
136,-0.489031,-1.09441,-1.68032,1.28768,0.448863,0.536463,-1.3622,-1.23149,1.52865,0.190708,6.95183,-12.9842
137,-0.305682,-0.700325,-0.847448,0.529964,1.28493,0.25369,-0.657966,-0.659347,0.930714,0.741869,7.67467,-14.3042
138,-0.214007,1.27011,1.35371,-1.6169,-0.9844,-0.311856,0.53924,1.51481,-1.16208,-1.32498,21.714,-15.0991
139,1.34446,1.04492,0.223388,0.151105,0.030828,1.95033,0.750511,0.313304,0.033804,0.052918,12.1212,-20.1535
140,1.43614,-0.024747,-0.252539,0.214248,0.508582,1.76181,0.53924,-0.144414,0.392568,0.604079,9.89315,-18.5608
141,-0.397357,1.10122,1.53219,-0.985472,-1.40243,-0.877403,0.398392,0.713807,-0.982693,-0.636033,18.4329,-16.8429
142,1.06944,0.707129,1.35371,-0.859186,-0.685804,0.159432,2.01814,0.656592,-0.683723,-0.842718,16.6415,-17.7988
143,0.794413,-0.587729,0.044915,-0.038324,-0.088611,2.13884,0.18712,-0.430488,0.512156,0.741869,9.39341,-17.6198
144,-0.397357,0.98862,0.401861,-1.36433,-1.34272,-1.34869,0.257544,2.08696,-1.28166,-1.66946,26.3803,-12.6177
145,-0.67238,1.6079,0.580333,-1.23804,-1.283,-0.783145,0.116696,1.28595,-1.34146,-1.32498,23.1239,-14.3571
146,1.06944,0.707129,1.11575,-0.985472,-0.626084,0.065175,2.01814,0.942666,-0.803311,-0.636033,16.681,-17.7762
147,0.886087,-0.24994,-0.193048,0.719394,0.448863,0.536463,-0.587542,-0.602132,0.033804,0.879659,9.44632,-17.716
148,-0.67238,0.819726,0.877788,-1.42747,-1.40243,-2.38553,0.327968,1.97253,-1.22187,-1.18719,26.0589,-12.7896
149,1.16111,0.707129,0.401861,-0.922329,-1.52187,0.159432,1.17305,0.599377,-1.04249,-0.222662,15.453,-18.399
150,-0.397357,1.10122,1.29422,-1.36433,-0.805242,-2.10275,0.891359,0.656592,-1.22187,-1.46277,20.6393,-15.6692
151,1.98618,0.425639,0.34237,0.087962,-0.028891,0.442206,0.750511,0.828236,-0.803311,0.466289,13.0596,-19.6545
152,1.25279,-0.024747,0.937279,0.151105,0.389144,1.85607,0.18712,0.771022,-0.02599,1.08634,10.1854,-19.067
153,-0.397357,-1.03811,-0.96643,1.54026,0.68774,0.25369,-1.29178,-1.28871,0.990508,1.29303,6.77417,-12.6389
154,-0.489031,-1.09441,-0.787957,0.466821,1.10577,0.536463,-0.587542,-1.11706,1.64824,0.879659,4.29764,-8.07991
155,-0.305682,1.4953,0.639824,-1.6169,-0.864962,-1.25443,0.53924,1.28595,-1.22187,-1.1183,23.3766,-14.2255
156,-2.0475,-1.3759,-1.26388,0.403678,0.209986,-1.06592,-0.939661,-1.34592,0.811126,0.121813,1.55049,-2.92589
157,0.152691,1.38271,0.520842,-1.23804,-0.864962,-1.16018,0.18712,1.40038,-1.34146,-0.980509,23.5173,-14.1396
158,0.152691,-0.24994,-0.193048,0.656251,0.68774,1.66756,-0.305847,-0.602132,0.631744,0.879659,9.88188,-18.5223
159,0.061016,-0.869219,-1.1449,1.22454,1.28493,-0.688887,-1.29178,-0.544917,0.332774,0.190708,5.3038,-9.93617
160,2.16953,0.98862,0.34237,-0.7329,-0.566365,1.19627,1.3139,0.313304,-1.04249,-0.842718,13.2649,-19.5203
161,0.061016,1.04492,1.53219,-1.23804,-1.22328,-0.688887,1.3139,0.084445,-1.10228,-0.980509,18.5295,-16.7821
162,1.52781,0.200446,0.937279,-0.164611,0.150267,0.724979,0.18712,0.484948,0.512156,0.741869,10.6714,-20.0468
163,-0.489031,-1.4885,-0.847448,0.719394,0.866898,0.724979,-1.01008,-0.888206,1.52865,0.259603,4.30675,-8.10326
164,-0.397357,1.4953,1.23473,-1.55376,-1.04412,-0.217599,0.680087,1.11431,-1.34146,-1.18719,22.5546,-14.6594
165,-0.030658,-0.475132,-1.08541,0.593108,1.28493,0.347948,-0.517118,-0.830991,0.691538,1.56861,7.80046,-14.556
166,2.35288,0.538235,1.05626,-0.290897,-1.10384,0.724979,1.3139,0.542163,-0.324959,-0.291557,13.0816,-19.6258
167,-0.580706,0.650831,1.35371,-0.922329,-1.52187,-1.16018,0.680087,1.0571,-1.22187,-1.73836,17.9823,-17.0789
168,0.244365,1.4953,1.23473,-1.36433,-0.924681,-0.406114,0.680087,1.51481,-1.34146,-1.1183,21.2621,-15.3565
169,-0.397357,0.594533,1.4727,-1.11176,-1.52187,-0.783145,1.80687,0.828236,-1.10228,-0.842718,17.1679,-17.5235
170,-0.030658,1.27011,1.29422,-0.922329,-1.04412,-0.783145,0.398392,0.828236,-1.16208,-1.80725,20.3326,-15.8472
171,-0.67238,-1.03811,-1.26388,0.782537,1.40437,-0.406114,-0.939661,-1.23149,0.87092,0.328499,2.78968,-5.24581
172,-0.764055,0.98862,1.35371,-1.49062,-1.34272,-0.311856,1.73644,0.599377,-1.22187,-0.704928,17.9844,-17.0828
173,0.061016,-0.812921,-0.31203,1.03511,0.926617,0.630721,-1.22136,-0.773776,0.332774,1.56861,6.33878,-11.8482
174,-0.214007,1.38271,0.520842,-1.6169,-1.40243,-1.72572,0.18712,2.08696,-1.16208,-0.842718,25.4395,-13.1245
175,-0.030658,-0.925518,-0.787957,1.28768,1.28493,0.630721,-0.305847,-0.659347,1.40907,1.01745,6.45337,-12.0692
176,1.61948,0.481937,1.05626,-0.227754,-0.446927,-0.59463,1.45475,0.771022,-0.205372,-1.32498,14.3855,-18.967
177,-0.214007,1.4953,1.11575,-0.922329,-1.40243,-0.688887,0.961783,1.0571,-1.10228,-1.73836,21.9363,-14.9782
178,-1.22243,1.7768,0.223388,-1.11176,-1.16356,-1.25443,-0.024151,1.40038,-1.16208,-0.911613,22.6129,-14.6239
179,-0.030658,1.32641,1.29422,-0.859186,-0.9844,-0.500372,0.398392,0.828236,-1.16208,-1.66946,20.3105,-15.8414
180,-0.397357,-0.981816,-1.08541,1.1614,0.568302,-0.783145,-1.29178,-0.945421,0.87092,0.259603,5.83253,-10.896
181,-0.489031,1.10122,1.35371,-1.36433,-1.22328,-0.217599,1.3139,-0.201629,-1.34146,-1.0494,19.6626,-16.1842
182,-0.489031,1.83309,0.223388,-0.922329,-1.10384,-0.877403,0.53924,1.40038,-1.22187,-1.1183,23.457,-14.1601
183,0.702738,-0.700325,-0.252539,0.971967,0.807179,1.19627,-0.72839,-0.430488,1.0503,1.49972,8.24252,-15.3932
184,0.427715,-0.24994,-0.490503,1.1614,0.448863,1.19627,-0.869237,-0.430488,0.27298,1.43082,9.27849,-17.3948
185,-0.764055,-0.981816,-0.609484,1.28768,0.926617,0.347948,-0.587542,-0.945421,1.34927,1.08634,5.78976,-10.8473
186,1.43614,0.200446,1.23473,0.024819,-0.387207,-0.500372,1.45475,0.713807,-0.324959,-0.704928,15.2287,-18.5198
187,-0.030658,-0.925518,-0.371521,0.908824,0.448863,0.819237,-0.446694,-0.487703,0.751332,0.810764,5.80255,-10.8662
188,-0.397357,-1.03811,-0.96643,0.971967,1.22521,0.536463,-1.50305,-0.659347,0.87092,1.22414,5.4358,-10.1999
189,0.977762,-0.193641,-0.252539,0.529964,0.508582,0.536463,-0.164999,-0.830991,-0.145578,1.29303,9.8787,-18.5218
190,0.519389,0.650831,1.41321,-0.985472,-1.46215,-0.500372,1.45475,0.656592,-0.743517,-0.980509,18.5176,-16.7962
191,1.80283,0.313042,0.520842,-0.54347,0.030828,0.819237,1.3139,0.313304,-0.205372,-0.153767,12.2377,-20.0794
192,0.152691,0.98862,0.877788,-1.1749,-1.10384,-0.688887,1.3139,0.942666,-1.22187,-1.46277,18.0562,-17.0505
193,-1.03908,-1.15071,-1.1449,1.1614,1.28493,0.442206,-1.15093,-0.945421,1.40907,-0.291557,5.17799,-9.71706
194,-0.947404,-1.09441,-1.32337,1.47711,1.52381,-0.783145,-1.57348,-0.888206,0.392568,0.328499,3.90197,-7.35957
195,0.061016,-1.3196,-0.431012,0.908824,0.986337,1.85607,-1.01008,-0.716562,0.811126,1.43082,8.24889,-15.4025
196,1.06944,1.04492,1.35371,-0.606613,-0.685804,0.065175,1.73644,0.542163,-1.28166,-1.18719,17.5261,-17.3256
197,-1.03908,-1.09441,-1.26388,1.03511,0.329424,-0.217599,-1.99602,-1.17428,1.1101,0.328499,3.59868,-6.82785
198,-0.764055,-0.925518,-0.847448,0.971967,1.04606,-0.029083,-1.15093,-0.773776,1.0503,0.672974,4.82047,-9.04497
199,0.152691,0.763428,1.4727,-1.36433,-1.10384,-0.877403,1.45475,0.599377,-1.16208,-1.18719,19.3991,-16.3286
200,1.43614,0.031551,0.937279,-0.35404,-0.208049,0.724979,0.398392,0.427733,-0.743517,-0.704928,12.4429,-19.9453
201,0.152691,-1.20701,-0.668975,1.09825,0.329424,0.724979,-0.587542,-0.773776,0.512156,0.535184,6.03489,-11.3048
202,0.061016,-0.700325,-0.431012,0.719394,0.090547,1.76181,0.18712,-0.144414,0.452362,1.63751,8.96925,-16.8031
203,0.702738,0.425639,0.877788,-0.922329,-0.864962,0.159432,1.73644,0.828236,-1.04249,-1.80725,16.5989,-17.8168
204,-0.855729,-0.925518,-0.728466,1.72968,1.52381,-0.971661,-1.15093,-0.716562,0.811126,0.810764,3.80781,-7.18746
205,1.43614,0.932322,1.11575,-0.796043,-0.805242,-0.123341,1.52517,0.484948,-0.683723,-0.429348,15.9063,-18.1661
206,-1.40578,1.83309,0.461352,-1.23804,-1.283,-0.500372,0.468816,1.34317,-1.34146,-1.0494,23.9164,-13.9181
207,-1.13075,1.38271,1.41321,-1.04862,-1.283,-0.123341,1.3139,1.0571,-1.28166,-0.704928,19.7984,-16.125
208,-2.13917,-1.5448,-1.08541,1.1614,0.508582,-1.16018,-1.15093,-1.11706,1.16989,0.672974,1.04516,-1.95636
209,1.25279,0.200446,1.23473,-0.985472,-0.745523,-0.59463,1.5956,0.427733,-1.34146,-0.911613,16.6315,-17.8003
210,-2.13917,-1.3196,-1.73981,0.656251,0.68774,-0.406114,-1.29178,-1.28871,1.64824,0.466289,1.37755,-2.59204
211,0.152691,1.32641,0.223388,-0.796043,-1.04412,-1.16018,0.18712,1.40038,-1.10228,-1.53167,25.2604,-13.2098
212,-1.22243,-1.3196,-0.847448,1.22454,0.448863,0.442206,-1.3622,-0.773776,1.64824,0.879659,4.05879,-7.66713
213,0.061016,1.15752,0.104406,-0.922329,-1.22328,-1.44295,-0.235423,2.14418,-1.34146,-1.60056,26.4634,-12.5712
214,-1.77248,-1.3196,-1.20439,0.529964,0.389144,-0.688887,-0.869237,-1.28871,1.58845,0.397394,1.13549,-2.14036
215,0.152691,-1.09441,-1.26388,1.28768,1.28493,1.00775,-0.37627,-0.544917,0.87092,1.63751,7.94989,-14.8315
216,-0.397357,-1.09441,-1.68032,0.908824,0.986337,-0.029083,-1.22136,-1.23149,0.87092,0.535184,2.39677,-4.53053
217,-0.305682,-0.812921,-0.668975,1.35083,0.448863,0.347948,-0.587542,-0.773776,0.691538,1.43082,5.79692,-10.8596
218,-0.947404,1.6079,0.877788,-0.922329,-1.283,-0.59463,0.046273,1.28595,-1.22187,-1.66946,22.967,-14.429
219,0.061016,-1.3196,-0.668975,1.28768,0.926617,0.25369,-0.587542,-0.888206,0.811126,1.63751,7.26425,-13.5635
220,1.06944,0.932322,0.699315,-1.49062,-0.626084,-0.311856,1.45475,0.427733,-0.683723,-1.0494,16.2208,-18.0143
221,1.61948,0.087849,0.104406,0.529964,-0.446927,1.47904,0.750511,0.427733,-0.145578,-0.015977,11.3804,-20.4559
222,1.25279,0.36934,0.461352,-0.417184,-0.566365,0.536463,0.820935,0.713807,-0.085784,-1.1183,14.3756,-18.9502
223,0.33604,0.98862,0.044915,-1.49062,-1.34272,-2.0085,0.257544,2.02975,-1.22187,-1.73836,26.1107,-12.7535
224,0.427715,0.932322,0.877788,-0.54347,-1.46215,-0.500372,1.73644,0.313304,-0.803311,-0.704928,16.2799,-17.9815
225,-0.214007,-0.362536,-0.014576,0.466821,0.269705,1.85607,0.53924,-0.201629,0.153392,0.741869,9.19837,-17.2436
226,-1.03908,1.32641,1.23473,-0.7329,-1.40243,-1.72572,0.468816,0.828236,-1.34146,-0.980509,21.3347,-15.2899
227,-0.214007,-0.700325,-0.728466,1.09825,1.22521,0.913494,-1.08051,-0.945421,0.990508,0.672974,6.05212,-11.2998
228,-0.030658,-0.24994,-0.371521,1.22454,-0.14833,0.724979,-0.305847,-0.487703,0.452362,1.36193,9.27579,-17.3751
229,-0.489031,-0.756623,-1.02592,0.466821,1.34465,0.065175,-0.798814,-0.659347,0.512156,0.741869,4.99205,-9.3591
230,-1.6808,-1.15071,-1.08541,1.1614,0.986337,-1.25443,-1.15093,-1.00264,1.16989,0.397394,0.959789,-1.79181
231,1.16111,0.481937,0.877788,0.466821,-0.028891,1.76181,0.891359,0.771022,-0.265166,0.672974,11.5732,-20.4106
232,0.427715,-0.869219,-0.193048,0.84568,0.807179,0.442206,-1.15093,-0.373273,1.0503,1.49972,8.20197,-15.3345
233,-0.489031,-1.09441,-0.96643,0.529964,1.40437,0.25369,-0.517118,-0.716562,0.990508,0.397394,4.81593,-9.03929
234,0.977762,-1.3196,-0.906939,0.782537,0.448863,0.913494,-1.85517,-0.945421,-0.085784,1.7753,9.34878,-17.536
235,-0.214007,-1.03811,-0.787957,1.1614,1.22521,0.536463,-0.587542,-0.659347,0.452362,1.7064,7.82153,-14.6022
236,0.794413,0.425639,0.639824,-0.038324,-0.685804,0.347948,1.45475,0.771022,-0.444547,-0.291557,15.2039,-18.532
237,0.519389,0.538235,0.639824,-1.23804,-0.685804,-0.688887,1.17305,0.427733,-0.504341,-0.222662,14.7426,-18.7656
238,-0.030658,1.4953,0.580333,-0.922329,-1.34272,-1.44295,0.53924,1.4576,-0.982693,-1.1183,22.1013,-14.8952
239,1.06944,0.481937,0.520842,0.403678,-0.208049,2.04459,0.327968,0.427733,-0.324959,0.259603,11.1291,-20.4707
240,-0.030658,0.707129,1.77015,-1.23804,-1.46215,-0.783145,1.52517,0.713807,-1.10228,-0.980509,18.4966,-16.8039
241,2.35288,0.932322,1.11575,-0.164611,-0.745523,0.630721,1.3139,0.198874,-0.324959,-0.084872,14.2904,-18.9963
242,-0.67238,-0.869219,-1.08541,0.782537,1.28493,0.159432,-1.15093,-0.773776,1.16989,0.604079,4.75776,-8.92927
243,-0.580706,-1.03811,-1.1449,1.09825,0.807179,0.724979,-0.798814,-0.659347,1.52865,0.397394,6.87122,-12.8294
244,-0.580706,1.21381,1.94862,-1.74319,-1.04412,-0.688887,1.45475,0.771022,-0.863105,-0.842718,18.8615,-16.6168
245,-0.580706,-0.812921,-1.26388,1.22454,1.64325,-0.217599,-1.29178,-1.00264,1.0503,0.397394,3.35978,-6.34128
246,-0.305682,1.83309,0.34237,-0.985472,-1.04412,-1.25443,0.046273,1.34317,-0.863105,-1.18719,23.2729,-14.2613
247,-0.030658,-0.475132,-0.371521,0.656251,0.74746,0.724979,-0.798814,-0.830991,0.27298,0.948555,8.72128,-16.3119
248,-0.397357,0.36934,1.59168,-1.55376,-1.04412,-0.59463,0.750511,0.771022,-1.16208,-1.60056,19.5404,-16.2548
249,1.16111,0.481937,0.223388,0.466821,0.74746,1.85607,0.327968,0.542163,0.631744,0.741869,10.7517,-20.2774
250,0.794413,-0.981816,-0.728466,0.529964,-0.506646,1.38478,0.046273,-0.602132,0.631744,1.56861,9.45894,-17.7655
251,0.977762,-0.193641,0.104406,0.340535,0.508582,2.04459,0.18712,-0.602132,0.452362,1.15524,9.69968,-18.2012
252,0.33604,-0.756623,-0.431012,0.593108,0.508582,1.76181,-0.798814,-0.430488,0.392568,1.7064,8.02573,-14.967
253,-0.030658,1.21381,1.35371,-1.1749,-1.46215,-0.688887,0.609663,0.656592,-0.922899,-1.66946,21.6825,-15.1127
254,-0.67238,-0.756623,-1.32337,0.719394,-0.14833,-0.59463,-1.57348,-1.23149,0.930714,0.879659,1.31251,-2.48778
255,1.06944,0.538235,0.937279,0.024819,-1.10384,0.347948,1.38433,0.771022,-0.623929,-0.153767,13.9115,-19.2073
256,-1.3141,-0.981816,-1.26388,0.277392,1.04606,-0.311856,-1.15093,-1.11706,1.64824,0.604079,1.08018,-2.05427
257,1.34446,0.256744,0.163897,0.719394,0.448863,0.724979,0.116696,0.141659,0.452362,0.466289,10.8509,-20.3069
258,0.061016,0.200446,1.41321,-1.23804,-1.40243,-0.406114,1.5956,0.484948,-1.16208,-1.18719,17.104,-17.5532
259,-1.22243,-1.09441,-1.20439,1.22454,1.04606,0.630721,-1.57348,-0.602132,0.512156,0.879659,5.33677,-10.0099
260,-0.67238,-0.756623,-1.62083,1.6034,0.448863,-0.217599,-1.08051,-0.602132,1.16989,0.052918,3.96275,-7.4859
261,1.43614,0.256744,1.11575,-0.038324,-0.685804,-0.029083,1.3139,0.427733,-0.444547,-0.153767,14.201,-19.0414
262,1.61948,0.932322,0.639824,0.656251,0.030828,1.95033,0.398392,0.771022,0.033804,0.259603,11.0967,-20.4713
263,1.16111,0.594533,-0.014576,0.214248,0.090547,1.95033,0.468816,-0.144414,0.392568,0.397394,11.422,-20.4603
264,-0.855729,-1.15071,-1.73981,1.28768,0.68774,0.724979,-1.57348,-1.00264,1.0503,0.259603,3.58454,-6.75895
265,-1.3141,-1.03811,-0.728466,1.47711,0.508582,0.724979,-0.305847,-0.602132,1.0503,1.63751,6.76282,-12.6303
266,-0.67238,-1.09441,-1.32337,1.1614,1.1655,-0.029083,-0.869237,-1.05985,1.28948,0.397394,2.01684,-3.80053
267,2.16953,0.481937,0.639824,-0.290897,-0.805242,0.347948,0.750511,0.370518,-0.384753,0.121813,13.3624,-19.4778
268,0.152691,-0.869219,-1.02592,1.1614,0.986337,0.819237,-0.305847,-1.23149,1.0503,0.879659,7.54796,-14.0534
269,1.25279,0.481937,1.05626,-0.859186,-0.685804,-0.500372,1.52517,0.599377,-0.863105,-0.773823,16.8079,-17.7089
270,-0.305682,-0.869219,-1.50185,0.340535,1.28493,0.724979,-1.01008,-1.23149,0.691538,0.604079,5.10543,-9.58613
271,-1.3141,-0.981816,-1.38287,1.54026,1.70297,-0.029083,-1.99602,-0.716562,0.87092,0.810764,3.80546,-7.18827
272,-0.67238,-1.4885,-1.7993,0.087962,0.926617,-0.500372,-1.57348,-1.34592,1.76783,0.397394,2.41042,-4.54243
273,-0.855729,-1.03811,-1.20439,1.1614,0.866898,0.159432,-1.29178,-1.28871,1.52865,0.672974,3.08741,-5.83403
274,-0.67238,-1.03811,-1.20439,0.529964,0.628021,-0.311856,-0.657966,-1.23149,1.52865,0.741869,2.88297,-5.39106
275,0.061016,-1.15071,-1.26388,0.908824,1.46409,0.065175,-1.15093,-1.05985,0.153392,0.948555,5.56882,-10.4398
276,0.061016,1.15752,0.937279,-1.30119,-1.52187,-1.06592,0.53924,1.57203,-1.40125,-1.1183,24.9476,-13.3736
277,0.061016,0.98862,0.223388,-0.922329,-1.04412,-1.53721,-0.094575,2.08696,-1.46105,-1.0494,25.8926,-12.8742
278,-0.489031,-1.15071,-1.08541,1.41397,0.68774,-0.123341,-0.446694,-0.659347,1.28948,1.56861,5.71237,-10.6767
279,-0.855729,-0.812921,-1.26388,1.35083,1.04606,0.724979,-1.01008,-0.716562,0.631744,0.810764,5.36017,-10.0406
280,-0.764055,-1.3196,-1.26388,0.593108,1.28493,-1.25443,-0.939661,-1.40314,-1.04249,-0.084872,2.56112,-4.79336
281,-0.397357,1.15752,1.41321,-1.42747,-1.283,-0.406114,1.45475,1.22874,-1.34146,-1.0494,20.8912,-15.5365
282,0.152691,-1.03811,-0.787957,0.908824,1.1655,0.536463,-0.72839,-0.487703,0.093598,0.672974,7.28434,-13.5756
283,0.061016,-0.24994,0.163897,0.214248,0.389144,0.065175,0.18712,-0.144414,0.392568,1.56861,9.51082,-17.833
284,-0.397357,1.10122,0.877788,-0.922329,-0.924681,-0.59463,0.468816,1.51481,-0.743517,-1.32498,25.2244,-13.2321
285,2.16953,0.200446,1.11575,0.340535,-0.208049,1.66756,0.680087,-0.029985,-0.444547,0.535184,10.354,-19.5681
286,0.061016,-0.587729,-0.490503,1.22454,1.28493,0.630721,-1.01008,-1.17428,0.811126,1.84419,8.08018,-15.0917
287,-2.68922,-0.981816,-1.08541,0.529964,0.986337,-0.123341,-1.01008,-1.40314,1.64824,0.328499,1.16604,-2.16689
288,0.244365,-1.09441,-0.252539,0.656251,0.866898,1.76181,-0.72839,-0.430488,1.0503,1.7064,8.24984,-15.4123
289,-0.580706,-1.20701,-1.20439,0.340535,1.46409,0.065175,-1.08051,-1.23149,0.811126,0.466289,5.06638,-9.50552
290,-0.489031,0.763428,1.88913,-0.796043,-1.283,-0.500372,1.17305,0.713807,-1.16208,-1.39388,19.0683,-16.502
291,-2.0475,1.7205,0.580333,-1.55376,-1.22328,-0.783145,0.116696,1.51481,-1.16208,-1.25609,22.5183,-14.6751
292,2.26121,0.763428,0.699315,-0.417184,-0.566365,0.724979,1.17305,0.02723,-0.564135,0.259603,13.3658,-19.4632
293,-0.305682,-1.09441,-1.08541,0.277392,0.807179,0.25369,-0.869237,-1.28871,0.57195,0.328499,2.58635,-4.90015
294,2.35288,0.538235,0.996769,-0.417184,-0.446927,0.159432,0.891359,0.141659,-0.564135,0.259603,12.6667,-19.8221
295,1.61948,0.707129,0.877788,0.151105,-0.685804,1.5733,0.820935,0.084445,0.27298,0.466289,11.1144,-20.4696
296,-0.489031,0.819726,0.223388,-1.04862,-1.46215,-1.34869,0.18712,2.20139,-1.22187,-1.87615,25.8786,-12.8809
297,-2.23085,-1.4885,-0.96643,0.971967,0.150267,-0.311856,-1.15093,-1.23149,0.87092,0.259603,1.18769,-2.2272
298,-0.489031,-1.20701,-1.32337,1.28768,1.28493,-0.029083,-1.85517,-0.888206,0.57195,0.672974,3.53097,-6.70534
299,-0.67238,-0.925518,-1.62083,0.719394,0.866898,-0.500372,-1.08051,-0.830991,1.64824,0.604079,2.28961,-4.32058
300,-1.3141,-0.756623,-0.906939,1.35083,1.22521,0.25369,-1.01008,-0.716562,1.46886,0.672974,3.73658,-7.05966
301,0.152691,1.15752,0.401861,-1.30119,-1.22328,-2.19701,-0.094575,1.74367,-1.28166,-1.80725,26.2897,-12.653
302,0.244365,0.256744,0.818297,0.403678,0.030828,1.10201,0.750511,0.484948,0.332774,0.328499,10.4793,-19.662
303,-0.030658,1.27011,0.34237,-0.985472,-0.864962,-1.16018,0.18712,1.51481,-1.16208,-1.0494,24.2799,-13.7342
304,-0.489031,0.98862,0.282879,-1.11176,-0.9844,-1.25443,0.327968,2.20139,-1.22187,-1.73836,25.8579,-12.8936
305,-0.305682,-0.812921,-1.08541,1.41397,1.04606,1.00775,-0.094575,-0.773776,0.332774,1.56861,7.516,-14.0272
306,0.977762,-0.081045,-0.371521,0.971967,0.329424,1.66756,-0.024151,-0.029985,0.452362,1.43082,9.41266,-17.6259
307,-1.13075,0.819726,1.82964,-0.985472,-1.10384,-0.783145,0.750511,0.542163,-0.863105,-1.25609,19.3499,-16.3598
308,-0.122333,-0.700325,-0.668975,0.908824,0.866898,1.00775,-1.01008,-0.830991,1.22968,1.36193,6.23779,-11.6664
309,-0.122333,0.763428,1.53219,-1.55376,-1.34272,-1.06592,1.52517,0.828236,-0.982693,-1.1183,19.3453,-16.3528
310,-0.030658,-1.3196,-0.728466,0.908824,1.28493,0.724979,-0.446694,-0.830991,1.64824,1.01745,4.22533,-7.96521
311,0.061016,0.932322,1.82964,-0.922329,-1.34272,-0.783145,1.17305,0.828236,-1.28166,-1.1183,18.3684,-16.87
312,-0.67238,-0.925518,-1.56134,0.84568,1.46409,-0.217599,-1.85517,-0.888206,1.40907,0.397394,5.13155,-9.63777
313,0.702738,0.481937,0.520842,-1.74319,-0.626084,0.065175,1.73644,0.771022,-1.10228,-1.80725,16.565,-17.8313
314,-1.03908,-1.03811,-1.20439,1.54026,1.52381,-0.029083,-1.15093,-0.945421,0.87092,0.672974,3.84526,-7.27133
315,-0.489031,1.7205,0.758806,-0.985472,-1.16356,-1.91424,0.53924,1.11431,-1.28166,-0.911613,22.5763,-14.6423
316,1.43614,0.819726,1.17524,-0.922329,-0.446927,-0.029083,1.24348,0.542163,-0.982693,-0.842718,15.4515,-18.413
317,-1.03908,-0.981816,-1.56134,0.782537,0.986337,-0.217599,-1.01008,-1.23149,0.87092,0.328499,4.55269,-8.55811
318,2.16953,0.707129,1.11575,-0.669756,-0.208049,0.25369,0.257544,0.484948,-0.384753,-0.291557,13.1363,-19.5716
319,-2.32252,-1.3196,-1.32337,0.593108,0.866898,-0.123341,-1.15093,-1.34592,1.0503,0.604079,1.87241,-3.53818
320,0.33604,-0.925518,-0.728466,0.971967,1.22521,0.630721,-0.446694,-0.602132,0.332774,1.15524,7.52164,-14.0196
321,-0.67238,1.04492,0.163897,-1.42747,-1.34272,-1.91424,0.18712,1.97253,-1.28166,-1.32498,26.1539,-12.73
322,-0.030658,-0.756623,-1.02592,0.719394,1.40437,-0.406114,-0.939661,-1.00264,0.990508,0.466289,4.71872,-8.80935
323,1.80283,0.594533,0.877788,0.087962,-0.387207,0.347948,0.750511,0.713807,-1.04249,0.328499,12.8994,-19.7074
324,-0.030658,-1.03811,-1.44236,0.656251,0.866898,0.724979,-0.446694,-0.773776,0.811126,0.879659,6.0476,-11.3013
325,0.061016,1.32641,0.044915,-0.922329,-1.04412,-1.72572,0.327968,1.4576,-1.46105,-1.18719,25.13,-13.2864
326,-0.67238,1.32641,0.401861,-0.922329,-0.864962,-1.53721,-0.446694,1.68646,-1.28166,-1.18719,25.7004,-12.9776
327,-0.855729,-1.26331,-1.50185,1.03511,0.568302,-1.06592,-1.01008,-0.945421,1.1101,0.741869,2.373,-4.46194
328,-1.13075,1.5516,0.758806,-0.922329,-1.16356,-1.72572,0.609663,0.942666,-1.34146,-1.66946,23.2044,-14.3089
329,1.61948,0.481937,0.044915,-1.04862,-0.864962,-0.688887,1.45475,0.771022,-0.504341,-0.980509,14.4747,-18.9071
330,0.152691,1.27011,1.29422,-1.11176,-1.34272,-0.500372,0.53924,0.771022,-1.34146,-1.60056,20.8058,-15.5912
331,-0.030658,1.4953,0.520842,-1.74319,-1.16356,-1.25443,0.257544,0.828236,-1.34146,-1.0494,23.5356,-14.1143
332,-0.67238,-1.09441,-1.26388,1.03511,1.22521,0.25369,-1.08051,-0.830991,0.452362,0.948555,5.60955,-10.4959
333,-0.67238,-0.587729,-1.02592,1.28768,0.926617,-0.217599,-1.57348,-1.00264,1.1101,0.397394,3.56726,-6.75168
334,-0.122333,1.4953,-0.431012,-1.55376,-1.10384,-1.16018,0.046273,1.51481,-1.22187,-1.18719,24.0314,-13.8737
335,-0.305682,1.38271,1.88913,-1.55376,-1.34272,-2.38553,0.961783,0.713807,-1.34146,-0.911613,20.4441,-15.7772
336,1.71116,0.200446,0.461352,0.151105,0.329424,0.347948,0.468816,0.484948,0.392568,0.672974,10.8799,-20.3521
337,-0.580706,1.38271,1.53219,-1.04862,-0.924681,-0.59463,1.45475,1.28595,-0.922899,-0.842718,20.782,-15.5962
338,0.886087,-0.137343,-0.252539,1.03511,0.329424,-0.029083,-1.71432,-0.430488,0.033804,1.08634,8.49799,-15.8885
339,-0.305682,-0.981816,-0.847448,0.403678,1.04606,0.159432,-0.72839,-1.23149,0.153392,0.604079,2.58561,-4.90477
340,1.06944,1.04492,0.996769,-0.796043,-1.22328,-0.217599,1.73644,0.256089,-1.10228,-0.980509,16.1295,-18.0664
341,1.80283,0.650831,0.699315,-0.480327,-0.506646,0.159432,1.24348,0.427733,-1.22187,-0.153767,12.8131,-19.7639
342,-0.947404,-1.5448,-0.847448,1.22454,1.28493,-0.406114,-0.869237,-1.17428,0.631744,0.397394,2.06149,-3.88024
343,-0.030658,1.04492,0.461352,-0.859186,-0.805242,-1.16018,0.609663,1.4576,-0.922899,-1.0494,25.4182,-13.1314
344,-0.214007,0.876024,0.877788,-1.11176,-1.04412,-1.06592,0.468816,1.74367,-0.803311,-1.46277,24.6891,-13.5115
345,-0.214007,1.4953,0.223388,-0.985472,-0.864962,-1.16018,-0.024151,1.57203,-1.28166,-1.25609,24.9507,-13.3772
346,-0.397357,-1.09441,-1.68032,0.656251,1.10577,0.724979,-0.939661,-0.830991,0.033804,0.672974,2.62365,-4.94753
347,-0.855729,-0.700325,-1.7993,0.908824,0.866898,0.25369,-1.3622,-1.23149,1.40907,0.604079,1.79174,-3.39606
348,-0.67238,-1.3759,-1.20439,1.09825,0.807179,0.065175,-1.50305,-1.34592,1.52865,0.672974,3.4989,-6.61191
349,0.33604,0.256744,0.937279,-0.417184,-0.805242,0.724979,-0.305847,0.313304,-0.324959,-0.015977,13.73,-19.2864
350,0.061016,1.27011,1.35371,-1.30119,-1.04412,-0.311856,0.609663,0.828236,-1.28166,-1.0494,20.7334,-15.6189
351,1.25279,0.087849,0.877788,-0.417184,0.150267,0.630721,0.257544,0.484948,-0.324959,-0.842718,12.4543,-19.9518
352,1.34446,0.932322,1.11575,-1.04862,-1.283,0.065175,1.5956,0.599377,-0.564135,-0.429348,15.8924,-18.1828
353,-0.397357,-0.700325,-0.847448,1.22454,0.628021,0.724979,-0.869237,-1.17428,0.930714,1.22414,6.09913,-11.404
354,-0.489031,-0.193641,-0.252539,0.529964,0.030828,1.5733,-0.235423,-0.487703,0.57195,1.08634,9.421,-17.6571
355,-0.214007,-0.981816,-0.787957,0.908824,0.508582,-0.500372,-0.446694,-0.888206,0.930714,1.01745,5.5216,-10.3391
356,-2.59755,-0.925518,-1.50185,0.466821,1.28493,0.724979,-1.08051,-1.17428,0.811126,0.535184,5.10351,-9.56101
357,0.152691,1.15752,1.82964,-1.23804,-1.34272,-0.688887,1.45475,0.484948,-1.28166,-1.39388,19.7653,-16.133
358,-0.214007,-0.475132,-0.074066,1.09825,0.209986,-0.217599,0.116696,-0.716562,0.512156,0.190708,8.72552,-16.3384
359,-0.397357,1.27011,0.520842,-1.6169,-1.46215,-1.16018,0.53924,1.97253,-1.10228,-1.25609,26.3457,-12.6372
360,0.152691,1.27011,0.34237,-1.36433,-1.283,-1.25443,0.257544,1.4576,-1.34146,-1.46277,24.256,-13.7486
361,-1.77248,-1.20701,-0.96643,0.340535,1.22521,-0.029083,-1.08051,-1.34592,1.28948,0.535184,1.68041,-3.17507
362,1.25279,0.36934,0.461352,0.466821,-0.088611,1.76181,0.680087,0.484948,0.093598,0.190708,11.1223,-20.4734
363,-0.214007,-0.812921,-1.26388,1.1614,0.926617,0.159432,-0.446694,-0.830991,1.1101,1.43082,6.54421,-12.2294
364,-0.67238,-1.15071,-1.08541,1.47711,1.28493,0.159432,-1.15093,-1.34592,1.40907,0.328499,3.33401,-6.30879
365,-0.305682,-1.20701,-1.26388,1.22454,1.28493,0.630721,-0.798814,-0.487703,0.87092,1.63751,7.37069,-13.7404
366,0.794413,1.04492,1.05626,-0.417184,-1.46215,-0.406114,1.73644,0.771022,-0.803311,-0.704928,16.362,-17.9353
367,1.06944,0.313042,0.461352,0.214248,0.508582,1.95033,0.53924,-0.373273,0.033804,0.466289,9.91135,-18.6305
368,-0.489031,1.4953,0.461352,-0.922329,-0.685804,-1.16018,0.046273,1.34317,-1.34146,-0.980509,23.9938,-13.8912
369,-1.13075,-1.09441,-0.96643,0.593108,0.926617,-0.311856,-1.15093,-1.28871,0.631744,0.190708,2.48954,-4.71165
370,-1.13075,-1.26331,-1.56134,0.656251,1.34465,-0.783145,-1.01008,-0.544917,0.512156,0.604079,4.96393,-9.30637
371,2.07786,-0.306238,0.461352,-0.101468,-0.208049,1.00775,-0.305847,0.771022,-0.324959,0.121813,11.7848,-20.2773
372,0.152691,0.425639,1.05626,-1.1749,-1.283,-1.53721,0.961783,0.771022,-1.22187,-1.18719,15.908,-18.1686
373,1.25279,1.04492,1.23473,-0.796043,-0.745523,-0.500372,1.5956,0.370518,-0.863105,-0.704928,17.0576,-17.575
374,-0.489031,-1.03811,-0.96643,0.529964,1.40437,0.25369,-1.22136,-0.888206,0.631744,0.535184,5.56875,-10.4441
375,2.16953,0.031551,-0.193048,0.214248,0.269705,1.76181,0.680087,0.542163,0.57195,0.604079,11.2927,-20.4725
376,-0.855729,-1.3196,-1.32337,1.35083,1.28493,0.25369,-1.6439,-1.34592,1.28948,0.190708,3.54309,-6.68002
377,-0.397357,0.481937,0.461352,-0.922329,-1.52187,-1.34869,-0.305847,0.942666,-1.16208,-1.1183,27.0337,-12.2681
378,-0.67238,1.27011,0.401861,-1.30119,-1.40243,-1.63146,0.327968,1.8581,-1.10228,-0.980509,25.396,-13.1309
379,1.61948,0.200446,0.461352,-0.417184,0.269705,0.819237,0.609663,0.484948,0.392568,0.879659,10.6152,-19.9204
380,0.061016,1.7768,0.877788,-1.36433,-1.46215,-1.91424,0.116696,1.40038,-1.22187,-1.32498,22.9983,-14.4085
381,-1.40578,-1.4322,-1.62083,0.719394,1.28493,-0.029083,-1.50305,-1.05985,1.28948,0.397394,4.79697,-9.00655
382,-0.122333,-1.3196,-0.728466,1.41397,0.508582,0.819237,-0.37627,-0.659347,0.930714,1.49972,7.42951,-13.8636
383,-0.67238,0.876024,1.41321,-0.922329,-0.9844,-0.406114,1.66602,0.771022,-0.982693,-0.704928,17.9898,-17.0736
384,-0.030658,-1.15071,-1.08541,1.28768,0.926617,0.347948,-0.869237,-1.46035,1.40907,0.604079,7.07485,-13.1956
385,-1.13075,-1.09441,-1.20439,0.340535,0.628021,-0.688887,-1.08051,-1.34592,1.34927,0.397394,2.72884,-5.1611
386,-1.95582,-1.4322,-1.08541,0.656251,0.329424,-0.406114,-2.13687,-1.11706,1.52865,0.328499,1.09855,-2.0498
387,-0.122333,1.4953,0.699315,-1.6169,-0.805242,-1.16018,0.398392,1.0571,-1.40125,-1.1183,23.5645,-14.1111
388,0.427715,-0.362536,-1.02592,1.28768,0.628021,0.347948,-0.446694,-0.716562,0.57195,1.01745,8.27569,-15.4629
389,1.43614,0.481937,0.937279,-0.417184,-0.387207,-0.217599,1.17305,0.198874,-1.10228,-0.015977,14.0702,-19.1135
390,0.33604,-0.869219,-0.787957,0.656251,1.22521,1.47904,-0.587542,-0.602132,0.512156,1.08634,7.52928,-14.0298
391,-1.03908,-1.03811,-1.7993,0.84568,0.926617,-0.217599,-1.01008,-1.34592,1.40907,0.604079,2.35976,-4.44459
392,0.152691,-0.53143,-0.371521,0.340535,0.74746,1.95033,-0.72839,-0.716562,0.930714,1.7064,8.55882,-16.0148
393,1.61948,0.200446,0.818297,-0.227754,0.030828,1.66756,-0.164999,0.542163,-0.265166,0.121813,12.5098,-19.9158
394,-0.67238,-0.981816,-1.50185,0.277392,0.508582,-0.217599,-1.29178,-1.23149,1.0503,0.672974,4.46585,-8.40841
395,-1.6808,-1.15071,-0.906939,0.466821,0.68774,-1.06592,-0.869237,-1.11706,0.751332,0.741869,1.37064,-2.59491
396,1.43614,0.763428,0.639824,-0.54347,-0.387207,0.819237,0.609663,0.370518,-0.444547,-0.980509,13.6023,-19.3582
397,-0.855729,0.932322,0.461352,-1.74319,-1.283,-1.63146,0.257544,1.8581,-0.922899,-0.911613,25.3463,-13.1669
398,-1.58913,-1.4322,-0.906939,0.908824,0.209986,0.159432,-1.08051,-1.23149,1.52865,0.604079,1.7935,-3.37031
399,-0.855729,-0.981816,-1.44236,1.22454,0.74746,0.065175,-1.22136,-1.23149,1.58845,0.535184,3.05482,-5.80096
400,-0.67238,-0.700325,-1.32337,1.22454,1.52381,-1.06592,-0.587542,-0.716562,0.452362,0.604079,5.1957,-9.75984
401,-0.764055,-0.925518,-0.96643,1.03511,1.04606,0.159432,-1.43263,-1.23149,1.52865,0.121813,2.27874,-4.30416
402,-0.305682,0.819726,1.41321,-0.796043,-1.22328,-1.25443,1.17305,0.942666,-1.28166,-1.25609,17.8419,-17.1721
403,-0.855729,-0.869219,-1.50185,1.47711,1.40437,-0.59463,-0.869237,-0.716562,0.631744,1.01745,5.26032,-9.87618
404,-0.489031,1.83309,0.163897,-0.985472,-0.924681,-1.16018,0.046273,1.34317,-1.16208,-1.18719,23.4874,-14.1529
405,-0.947404,-0.812921,-0.490503,1.28768,1.28493,1.00775,-0.305847,-0.487703,0.631744,1.7064,8.05298,-15.0393
406,0.702738,-0.925518,-0.371521,0.84568,1.10577,0.819237,-0.305847,-0.430488,0.033804,1.36193,7.43552,-13.8614
407,1.43614,0.313042,1.11575,0.024819,-0.685804,0.25369,1.17305,0.370518,-0.564135,-0.015977,14.096,-19.0997
408,-0.214007,-0.700325,-1.1449,0.340535,0.986337,1.29052,-1.15093,-0.659347,0.213186,1.84419,8.32214,-15.5619
409,-0.030658,-1.3759,-0.847448,0.84568,0.628021,0.724979,-0.587542,-0.945421,0.57195,0.810764,6.01184,-11.2335
410,-1.22243,-0.869219,-1.26388,1.54026,0.986337,-1.34869,-0.939661,-0.830991,1.34927,0.879659,3.86658,-7.31249
411,-0.580706,-0.869219,-1.20439,1.22454,0.926617,-0.029083,-1.29178,-1.23149,1.0503,0.190708,3.47302,-6.56107
412,-1.40578,-1.4322,-1.08541,1.09825,1.04606,-1.25443,-1.22136,-1.11706,1.40907,0.259603,0.977631,-1.83378
413,0.977762,0.932322,0.996769,-0.922329,-0.685804,-0.500372,1.52517,0.542163,-0.564135,-1.1183,15.3407,-18.455
414,-0.122333,0.707129,1.94862,-1.80633,-1.10384,-1.25443,0.891359,1.0571,-0.982693,-0.842718,18.9764,-16.5525
415,0.061016,1.4953,-0.074066,-1.74319,-0.924681,-0.59463,0.609663,1.40038,-0.982693,-0.911613,24.3565,-13.6965
416,1.16111,1.04492,1.11575,-0.606613,-0.864962,-0.59463,1.45475,-0.373273,-0.982693,-0.567138,17.0962,-17.5635
417,0.977762,0.425639,0.818297,-0.101468,-0.387207,-0.311856,0.680087,0.427733,-0.205372,-0.498243,13.6628,-19.3141
418,-0.580706,-1.4322,-1.20439,0.593108,1.04606,-0.217599,-1.08051,-1.40314,1.0503,0.397394,2.13158,-4.05127
419,-0.122333,1.4953,0.223388,-1.6169,-0.805242,-1.34869,0.398392,1.51481,-1.16208,-1.18719,24.9804,-13.3558
420,0.061016,-1.5448,-0.31203,0.593108,0.807179,1.76181,-1.15093,-0.258844,0.930714,1.56861,8.22088,-15.3422
421,1.52781,0.538235,0.996769,-0.669756,-0.685804,-0.029083,1.45475,0.542163,-0.922899,-0.429348,14.8539,-18.7284
422,1.06944,0.200446,-0.728466,0.466821,0.74746,2.13884,-0.869237,-0.144414,-0.085784,0.948555,10.1174,-18.9917
423,-0.397357,-0.812921,-0.490503,1.35083,0.74746,0.819237,-0.798814,-0.773776,0.57195,1.01745,6.39749,-11.9289
424,-0.214007,1.43901,1.11575,-0.859186,-1.40243,-0.500372,0.891359,0.656592,-1.16208,-1.66946,21.8133,-15.0373
425,-0.397357,1.4953,0.461352,-1.30119,-1.34272,-0.500372,-1.29178,1.34317,-1.40125,-1.32498,24.7952,-13.4552
426,-0.305682,-0.981816,-1.08541,1.03511,0.68774,0.819237,-1.01008,-0.830991,1.40907,0.879659,6.50924,-12.1515
427,0.152691,0.256744,1.4727,-1.30119,-1.04412,-0.406114,1.45475,-0.144414,-0.863105,-0.911613,18.6266,-16.7336
428,-0.305682,-0.700325,-0.906939,1.41397,0.866898,0.347948,-1.01008,-0.830991,0.930714,1.01745,6.09164,-11.388
429,-0.489031,-0.925518,-0.96643,1.41397,1.28493,-0.311856,-1.22136,-1.28871,1.52865,0.466289,4.06212,-7.67761
430,-0.67238,-1.09441,-1.62083,0.529964,1.40437,-0.123341,-1.22136,-1.28871,1.46886,0.328499,2.80555,-5.32881
431,-0.489031,-0.756623,-1.08541,1.35083,1.46409,0.065175,-1.15093,-0.888206,-0.205372,0.672974,5.27115,-9.87391
432,0.061016,-0.812921,-1.50185,0.782537,0.74746,-0.123341,-0.869237,-0.830991,0.811126,0.604079,5.96101,-11.1434
433,1.61948,1.04492,1.11575,-0.54347,-0.9844,-0.500372,1.10263,0.656592,-1.10228,-0.429348,15.7033,-18.2783
434,-0.397357,-1.20701,-0.847448,1.28768,0.926617,1.66756,-1.08051,-0.945421,-0.085784,1.7064,7.84081,-14.6255
435,-0.67238,-1.03811,-0.906939,0.719394,0.986337,0.25369,-1.29178,-1.23149,0.751332,1.01745,2.13163,-4.00508
436,-0.855729,-1.26331,-0.96643,1.91911,1.52381,0.347948,-0.939661,-0.830991,1.70803,0.672974,3.82372,-7.23276
437,1.43614,0.481937,1.05626,-0.669756,-0.924681,-0.59463,1.24348,0.771022,-0.683723,-0.773823,16.145,-18.0522
438,-0.030658,1.27011,-0.252539,-1.68005,-1.16356,-1.72572,-0.164999,1.62924,-1.34146,-1.25609,26.6053,-12.4991
439,-0.397357,1.83309,0.877788,-1.23804,-1.52187,-0.500372,0.257544,1.28595,-1.22187,-0.842718,23.9173,-13.924
440,-0.580706,-1.3759,-0.490503,0.782537,0.74746,1.19627,-0.939661,-0.773776,0.811126,1.36193,7.30027,-13.623
441,0.061016,-0.981816,-0.847448,0.214248,0.926617,0.25369,-0.517118,-0.659347,1.52865,0.741869,4.27856,-8.06323
442,-0.122333,0.98862,0.34237,-1.36433,-0.9844,-1.53721,0.116696,2.02975,-1.22187,-1.66946,26.3136,-12.6492
443,-0.030658,0.313042,1.4727,-1.1749,-1.16356,-0.783145,1.73644,0.599377,-1.40125,-1.25609,17.1581,-17.5222
444,0.152691,1.4953,1.23473,-1.86948,-1.22328,-0.59463,0.750511,1.0571,-1.34146,-0.911613,21.1602,-15.3914
445,-0.947404,-0.475132,-0.906939,1.09825,0.68774,0.536463,-0.939661,-0.945421,0.631744,1.43082,7.96287,-14.8814
446,-0.030658,1.15752,1.53219,-1.74319,-1.34272,-0.688887,0.609663,1.0571,-1.10228,-0.911613,19.9794,-16.0242
447,1.61948,0.144148,0.461352,0.277392,-0.387207,1.66756,1.3139,0.484948,-0.085784,0.052918,11.4253,-20.4576
448,-0.305682,-1.15071,-0.728466,1.28768,0.986337,0.724979,-0.446694,-0.487703,1.0503,1.08634,7.03713,-13.1167
449,1.34446,0.538235,0.163897,-0.669756,-0.387207,0.819237,0.468816,0.542163,-0.02599,-0.429348,14.3299,-18.9834
450,0.152691,0.594533,0.877788,-1.1749,-0.924681,-1.06592,0.398392,1.8581,-1.34146,-1.46277,25.0024,-13.3424
451,1.52781,0.256744,-0.074066,-1.42747,-0.446927,-0.877403,1.38433,0.542163,-0.444547,-0.222662,14.0275,-19.1216
452,1.25279,-0.418834,-0.371521,0.529964,0.508582,1.95033,-0.164999,-0.487703,0.512156,0.948555,9.96481,-18.679
453,0.33604,-0.081045,-0.490503,0.656251,0.807179,0.630721,-0.164999,-0.487703,0.033804,0.604079,8.47694,-15.8583
454,-0.489031,-1.20701,-0.96643,0.529964,0.209986,-1.34869,-1.71432,-1.23149,0.87092,0.397394,3.11873,-5.85869
455,-0.489031,-0.644027,-0.133557,0.403678,0.508582,0.724979,0.116696,-0.258844,0.392568,0.948555,9.49548,-17.7949
456,1.43614,0.763428,-0.074066,-0.038324,-0.327488,1.47904,0.257544,0.542163,0.153392,-0.429348,11.9908,-20.2107
457,-1.58913,-1.4885,-0.847448,1.03511,0.508582,-0.500372,-1.01008,-1.28871,0.512156,0.535184,1.97513,-3.71037
458,-1.22243,-1.6011,-1.08541,1.03511,0.68774,-0.311856,-1.22136,-1.34592,1.0503,-0.842718,0.901526,-1.68706
459,-1.58913,-0.756623,-1.1449,1.47711,1.46409,0.819237,-1.15093,-0.830991,1.52865,0.466289,4.56887,-8.58794
460,-1.22243,-1.3759,-1.20439,0.214248,0.68774,-0.688887,-1.01008,-1.34592,1.28948,0.121813,1.39982,-2.64271
461,-1.95582,-1.15071,-1.20439,0.466821,1.34465,0.25369,-1.29178,-0.773776,1.40907,0.328499,4.46398,-8.41535
462,0.33604,-0.53143,-0.787957,0.656251,0.628021,1.19627,-0.939661,-0.373273,0.093598,1.56861,8.02022,-14.9696
463,1.34446,0.313042,0.104406,0.340535,0.030828,0.819237,0.609663,-0.029985,0.033804,0.672974,11.6007,-20.4114
464,-0.397357,-0.925518,-0.96643,0.908824,0.926617,0.159432,-0.939661,-1.23149,0.87092,0.604079,2.60441,-4.91971
465,-0.67238,1.6079,0.401861,-0.796043,-1.22328,-1.25443,0.820935,1.17153,-1.34146,-1.18719,23.1428,-14.3328
466,-1.03908,-1.09441,-1.56134,0.593108,1.28493,-1.16018,-1.08051,-1.17428,1.46886,0.466289,2.84253,-5.37138
467,0.427715,1.15752,1.17524,-1.11176,-1.34272,-1.44295,1.5956,1.0571,-0.982693,-0.980509,18.902,-16.5942
468,-1.03908,1.83309,0.461352,-0.859186,-0.924681,-0.783145,0.468816,1.28595,-1.10228,-1.39388,23.4418,-14.1793
469,0.702738,0.031551,-0.31203,1.28768,0.269705,0.25369,-0.587542,-0.773776,0.27298,1.56861,8.93685,-16.7214
470,-0.489031,-1.15071,-0.96643,0.84568,1.40437,0.159432,-0.869237,-1.23149,1.46886,0.741869,4.54135,-8.54158
471,1.34446,0.876024,1.05626,-0.038324,0.090547,1.5733,-0.798814,-0.659347,0.392568,0.879659,10.724,-20.1265
472,1.61948,0.481937,0.580333,-0.796043,-0.566365,0.819237,0.680087,0.313304,-0.982693,-0.291557,13.9019,-19.1746
473,-0.214007,-0.756623,-0.490503,1.28768,0.986337,0.724979,-0.305847,-0.544917,0.87092,1.91309,8.02077,-14.9717
474,-0.67238,-1.15071,-1.08541,1.1614,1.52381,-0.406114,-1.15093,-1.05985,0.751332,0.397394,3.21828,-6.07728
475,-0.580706,0.98862,1.71066,-1.04862,-1.22328,-0.406114,1.10263,1.0571,-1.40125,-0.636033,20.7147,-15.6375
476,0.061016,1.10122,1.35371,-1.36433,-1.34272,-0.406114,1.5956,0.771022,-1.22187,-0.842718,18.1616,-16.9926
477,0.886087,0.425639,1.05626,-0.796043,-0.805242,-0.123341,1.45475,0.484948,-0.863105,-1.32498,15.7687,-18.2374
478,1.43614,0.256744,1.23473,-0.54347,-0.506646,-0.029083,1.5956,0.484948,-0.803311,-1.1183,15.2982,-18.5123
479,-0.489031,-0.981816,-0.96643,1.41397,0.68774,-0.029083,-1.57348,-1.34592,1.40907,0.328499,3.31394,-6.23439
480,-0.397357,1.32641,1.59168,-1.49062,-1.283,-1.44295,1.3139,1.0571,-1.40125,-0.567138,19.3832,-16.322
481,1.25279,0.707129,0.401861,-0.859186,0.269705,1.47904,1.03221,0.484948,0.631744,0.810764,11.2523,-20.4723
482,-0.030658,0.819726,0.223388,-0.922329,-0.9844,-1.81998,-0.235423,1.8581,-1.40125,-1.1183,26.5973,-12.4983
483,0.977762,0.538235,0.461352,-1.49062,-0.626084,0.724979,1.3139,0.313304,-0.444547,-0.429348,14.7267,-18.7711
484,0.33604,0.763428,1.11575,-1.23804,-0.685804,-0.029083,1.5956,0.599377,-1.34146,-0.360453,15.7004,-18.2784
485,0.061016,1.10122,1.35371,-1.1749,-1.40243,-0.311856,0.398392,0.542163,-1.34146,-0.980509,20.2779,-15.8585
486,2.07786,-0.081045,0.937279,-0.164611,-0.088611,0.347948,0.680087,-0.0872,-0.444547,0.672974,12.2739,-20.0263
487,-0.489031,-1.20701,-0.787957,1.28768,1.04606,-0.029083,-0.587542,-0.716562,0.691538,0.535184,5.50617,-10.3248
488,0.794413,0.650831,0.699315,0.087962,-0.028891,1.95033,1.10263,0.370518,0.751332,0.604079,11.2067,-20.4788
489,1.52781,0.819726,0.877788,-0.669756,-0.685804,-0.406114,1.5956,0.656592,-1.28166,-0.429348,15.0225,-18.6312
490,1.61948,1.04492,0.758806,-0.669756,-0.566365,-1.34869,1.5956,0.713807,-1.16208,-0.360453,15.0331,-18.6318
491,-0.67238,-1.03811,-1.26388,0.593108,1.52381,-0.59463,-1.22136,-1.28871,1.28948,0.397394,2.83546,-5.35835
492,1.43614,0.200446,0.223388,0.277392,0.389144,0.819237,0.18712,0.484948,0.27298,1.29303,10.1468,-19.0516
493,-0.947404,-1.3196,-1.62083,1.6034,1.04606,0.536463,-0.869237,-1.00264,0.631744,1.43082,6.76146,-12.6166
494,-0.67238,0.538235,0.937279,-0.290897,-0.208049,0.347948,1.3139,0.427733,-0.564135,-0.153767,12.7352,-19.7964
495,-0.580706,1.27011,0.937279,-1.04862,-1.04412,-0.688887,0.257544,1.8581,-0.922899,-0.980509,24.918,-13.3964
496,0.061016,1.15752,1.77015,-1.1749,-1.283,-1.16018,1.03221,0.542163,-0.922899,-1.53167,20.3248,-15.8415
497,-1.03908,-1.5448,-1.7993,0.908824,1.28493,-0.500372,-1.15093,-1.34592,0.87092,0.672974,2.11565,-3.99297
498,-0.764055,-1.09441,-0.96643,1.41397,0.986337,0.630721,-1.01008,-0.888206,1.40907,0.741869,4.35075,-8.21097
499,-0.030658,0.98862,0.282879,-0.859186,-0.924681,-0.877403,0.680087,1.68646,-1.28166,-0.842718,24.4659,-13.6417
500,-0.397357,-1.26331,-0.728466,1.35083,1.04606,0.724979,-0.869237,-1.00264,0.392568,1.56861,6.55816,-12.2502
501,-0.122333,-0.644027,-0.371521,1.22454,0.090547,0.819237,-0.024151,-0.430488,0.631744,0.535184,8.68903,-16.2612
502,0.152691,-0.925518,-0.549994,0.340535,1.34465,-0.123341,-0.446694,-1.23149,0.27298,0.879659,6.34211,-11.8585
503,0.244365,-0.700325,-0.728466,1.35083,1.40437,1.00775,-0.446694,-0.945421,0.392568,1.56861,7.78002,-14.5161
504,1.25279,0.36934,1.11575,-0.985472,-0.864962,-0.123341,1.5956,0.828236,-1.16208,-1.0494,16.363,-17.9461
505,-0.67238,-0.700325,-1.50185,1.47711,1.46409,-0.217599,-1.78475,-0.602132,0.751332,0.879659,5.29613,-9.94643
506,0.152691,1.38271,0.996769,-1.68005,-0.924681,-0.877403,0.257544,1.28595,-1.22187,-1.1183,23.3681,-14.2152
507,-1.40578,-1.03811,-1.08541,0.277392,0.568302,-0.217599,-1.08051,-1.40314,0.811126,0.328499,1.67707,-3.15631
508,-0.580706,-0.700325,-0.96643,1.66654,1.28493,-0.029083,-1.29178,-0.945421,1.0503,0.948555,4.21682,-7.95837
509,-0.030658,1.43901,0.699315,-1.68005,-0.864962,-1.72572,0.18712,1.34317,-1.10228,-0.842718,23.5104,-14.1327
510,-0.67238,0.819726,0.401861,-0.985472,-1.283,-0.59463,0.046273,2.08696,-1.28166,-1.25609,27.2066,-12.1793
511,-0.030658,-1.03811,-0.431012,0.593108,0.68774,0.347948,-0.235423,-0.487703,0.631744,1.15524,9.03336,-16.8702
512,0.33604,-0.137343,-0.014576,0.403678,0.508582,1.5733,-0.517118,-0.0872,0.033804,0.397394,9.58841,-17.9792
513,0.33604,-0.193641,-0.252539,0.529964,0.269705,0.630721,-0.164999,-0.0872,0.512156,0.741869,9.19231,-17.2163
514,-0.305682,1.15752,1.82964,-1.23804,-1.46215,-1.63146,1.10263,0.713807,-1.22187,-1.32498,19.4565,-16.3109
515,1.25279,1.04492,0.877788,-0.35404,-1.16356,-0.217599,1.73644,0.370518,-1.16208,-1.80725,17.2726,-17.4628
516,1.06944,0.481937,1.35371,-1.80633,-0.9844,-0.217599,1.52517,0.427733,-0.922899,-0.842718,16.6841,-17.7754
517,0.977762,0.932322,1.29422,-0.985472,-0.805242,-0.029083,1.80687,0.942666,-0.922899,-1.25609,17.5109,-17.3338
518,0.061016,-0.587729,-0.371521,1.41397,0.389144,0.347948,-0.446694,-0.830991,0.691538,1.43082,5.78051,-10.8125
519,-0.764055,-1.15071,-0.96643,0.782537,1.52381,0.159432,-1.15093,-0.773776,1.0503,0.466289,4.55266,-8.56641
520,0.061016,1.04492,0.461352,-0.606613,-1.04412,-1.25443,0.750511,1.40038,-1.10228,-1.73836,24.4386,-13.6627
521,0.33604,0.425639,1.05626,0.087962,0.269705,1.85607,0.53924,0.542163,0.033804,0.672974,10.3728,-19.5424
522,0.427715,-1.03811,-0.074066,1.09825,0.568302,1.00775,-0.235423,-0.830991,0.631744,1.56861,8.4701,-15.8362
523,-0.67238,-0.644027,-0.847448,1.35083,1.28493,-0.500372,-0.939661,-0.945421,1.40907,0.604079,6.8474,-12.7732
524,1.61948,0.256744,0.580333,-1.1749,-0.566365,-0.217599,1.45475,0.771022,-0.384753,-0.704928,15.281,-18.4942
525,-1.22243,-1.03811,-0.371521,1.41397,1.04606,0.913494,-0.72839,-0.830991,0.691538,1.08634,7.21049,-13.4529
526,-0.855729,-1.26331,-0.96643,0.656251,0.209986,-0.029083,-1.43263,-1.40314,1.76783,0.397394,3.10004,-5.84685
527,-0.122333,1.04492,0.34237,-1.04862,-0.745523,-1.72572,0.609663,1.4576,-0.922899,-1.0494,25.4347,-13.1159
528,-0.214007,-0.869219,-0.668975,0.782537,1.28493,1.10201,-1.43263,-0.659347,1.40907,1.36193,6.59315,-12.3216
529,0.061016,0.594533,1.82964,-0.985472,-1.40243,-1.34869,1.3139,0.599377,-0.982693,-1.0494,18.3015,-16.9095
530,-0.855729,-1.3759,-1.20439,1.1614,0.74746,-0.123341,-1.57348,-1.17428,1.52865,0.328499,3.08087,-5.84238
531,1.25279,-0.587729,-0.252539,0.529964,0.568302,2.04459,-0.164999,-0.373273,0.57195,0.879659,9.98924,-18.7388
532,-1.13075,-0.587729,-0.96643,1.1614,0.508582,0.159432,-1.15093,-1.00264,0.631744,1.36193,7.98012,-14.9028
533,-0.305682,0.932322,1.94862,-1.30119,-1.04412,-1.16018,1.17305,0.942666,-0.982693,-0.773823,19.0202,-16.5321
534,-0.855729,-0.925518,-1.20439,0.908824,0.389144,-0.029083,-1.50305,-1.17428,1.0503,0.397394,3.36453,-6.36273
535,-0.397357,-0.869219,-1.02592,1.28768,1.46409,-0.217599,-1.43263,-0.888206,0.631744,0.190708,5.30355,-9.94122
536,-0.030658,1.32641,1.17524,-0.859186,-1.40243,-0.688887,0.750511,0.828236,-1.04249,-1.60056,21.2614,-15.3374
537,1.52781,0.256744,0.758806,0.087962,0.030828,1.10201,1.24348,0.141659,-0.085784,-1.0494,11.4402,-20.445
538,-0.397357,1.32641,1.41321,-1.23804,-1.52187,-0.217599,1.3139,1.28595,-1.28166,-0.911613,19.8505,-16.0905
539,0.794413,-0.362536,-0.371521,1.09825,0.807179,1.00775,-0.305847,-0.487703,0.87092,1.63751,8.95164,-16.7724
540,-0.67238,-0.756623,-1.20439,1.6034,1.04606,-0.406114,-1.08051,-1.34592,0.87092,-0.084872,3.40544,-6.43649
541,-1.22243,-0.925518,-1.1449,0.782537,0.628021,-0.029083,-1.08051,-1.34592,0.691538,-0.911613,2.06435,-3.89264
542,2.07786,0.256744,0.461352,0.277392,-0.626084,1.19627,1.3139,0.256089,0.153392,-0.360453,11.4112,-20.4654
543,0.061016,-0.812921,0.163897,1.28768,0.209986,1.95033,0.257544,-0.830991,0.512156,0.259603,9.14785,-17.1329
544,-0.489031,1.27011,0.461352,-0.859186,-1.46215,-1.53721,0.046273,1.68646,-1.16208,-1.0494,25.5845,-13.0378
545,0.519389,1.15752,1.23473,-1.04862,-1.40243,-1.72572,1.5956,0.942666,-1.10228,-0.980509,18.8731,-16.5921
546,-2.32252,-1.3759,-0.906939,1.54026,1.52381,-0.029083,-0.869237,-1.23149,0.990508,0.741869,3.8005,-7.1823
547,-0.305682,1.83309,0.520842,-1.80633,-1.283,-1.53721,0.468816,1.34317,-1.22187,-1.39388,23.0213,-14.4073
548,-0.489031,-0.981816,-0.490503,0.782537,-0.14833,0.25369,-0.024151,-0.544917,0.512156,-0.084872,8.71758,-16.3007
549,1.16111,0.538235,1.05626,-0.164611,-0.446927,-0.123341,0.680087,0.771022,-0.085784,-0.084872,14.5461,-18.8645
550,-1.3141,-1.03811,-1.62083,0.214248,0.508582,-0.029083,-1.01008,-1.34592,0.57195,0.397394,1.92161,-3.63064
551,-0.397357,-1.26331,-1.08541,0.656251,1.52381,0.442206,-0.587542,-0.716562,0.87092,0.328499,4.71858,-8.85841
552,1.43614,0.200446,0.044915,-0.480327,-0.327488,2.04459,0.750511,0.484948,0.57195,0.466289,10.5667,-19.9014
553,-1.58913,-1.3196,-1.44236,0.593108,0.986337,-0.783145,-1.15093,-1.23149,1.40907,-0.222662,1.61139,-3.01121
554,0.152691,1.15752,1.11575,-0.796043,-1.22328,-0.406114,0.750511,0.828236,-1.22187,-1.18719,20.5637,-15.7222
555,0.061016,0.538235,1.88913,-1.04862,-1.22328,-0.59463,1.45475,0.599377,-1.16208,-1.94504,18.5667,-16.7602
556,1.80283,0.313042,0.223388,0.466821,0.090547,1.76181,0.961783,0.256089,0.512156,0.328499,11.4544,-20.447
557,1.06944,0.763428,1.11575,-0.669756,-1.283,-0.123341,1.80687,0.256089,-1.22187,-0.842718,16.4471,-17.8982
558,-0.489031,-1.3759,-1.08541,0.593108,1.40437,-0.029083,-1.22136,-0.888206,0.751332,-0.429348,2.60059,-4.89522
559,-0.214007,1.83309,0.758806,-0.796043,-1.34272,-1.16018,0.53924,1.28595,-1.04249,-0.980509,24.0622,-13.84
560,-0.489031,1.4953,0.401861,-0.922329,-1.283,-1.63146,0.398392,1.22874,-1.34146,-1.39388,22.0518,-14.9132
561,-0.305682,-0.700325,-0.014576,0.656251,0.68774,1.76181,-0.305847,-0.487703,0.213186,1.36193,9.44596,-17.6867
562,-0.122333,1.27011,1.23473,-1.04862,-1.40243,-0.123341,0.327968,1.28595,-1.34146,-1.0494,19.8243,-16.113
563,0.061016,0.763428,1.4727,-1.23804,-1.34272,-1.16018,1.45475,0.713807,-1.16208,-1.32498,19.3267,-16.3693
564,-0.397357,1.15752,0.580333,-1.6169,-1.16356,-1.34869,0.53924,2.02975,-1.28166,-1.87615,26.1276,-12.7512
565,-0.030658,-0.362536,-0.193048,1.1614,0.628021,0.630721,-1.29178,-0.544917,0.452362,1.29303,8.77442,-16.4472
566,-0.122333,1.27011,1.35371,-1.1749,-0.924681,-0.217599,0.53924,1.51481,-1.34146,-1.87615,21.7468,-15.0785
567,1.43614,-0.362536,0.401861,0.782537,0.74746,2.2331,-0.164999,-0.316058,0.631744,0.535184,9.65078,-18.0694
568,-1.03908,-1.6011,-1.20439,1.09825,0.807179,-0.59463,-0.939661,-1.00264,1.16989,0.328499,1.00446,-1.87192
569,0.33604,-1.03811,-0.609484,0.971967,0.74746,0.819237,-0.657966,-0.659347,0.930714,1.29303,7.30195,-13.6207
570,-0.030658,-1.3196,-0.609484,1.1614,1.22521,0.25369,-0.869237,-1.17428,0.87092,1.56861,7.191,-13.4206
571,-0.305682,1.4953,-0.133557,-1.30119,-0.805242,-0.406114,-0.587542,1.34317,-1.10228,-1.0494,23.8144,-13.9857
572,1.34446,-0.362536,0.937279,-0.101468,-0.208049,2.2331,0.891359,0.828236,0.213186,0.604079,10.5519,-19.9161
573,-0.764055,-1.15071,-1.08541,1.09825,0.926617,0.159432,-1.22136,-1.05985,1.40907,-0.153767,2.91246,-5.47717
574,-0.764055,1.32641,0.699315,-0.922329,-1.46215,-1.44295,-0.235423,1.8581,-1.22187,-0.980509,25.5856,-13.0379
575,-0.397357,1.5516,0.520842,-1.42747,-1.34272,-1.25443,0.116696,1.22874,-1.34146,-1.39388,23.0738,-14.3807
576,-0.855729,-1.03811,-1.56134,0.719394,1.28493,-0.029083,-1.57348,-0.830991,0.57195,0.879659,3.32767,-6.2869
577,1.43614,0.650831,1.11575,-0.54347,-0.626084,-0.029083,1.5956,0.484948,-0.922899,-0.773823,15.4418,-18.4077
578,0.427715,-0.700325,-0.728466,1.35083,0.74746,1.85607,-0.164999,-0.716562,0.691538,1.49972,7.9114,-14.7789
579,-0.305682,0.707129,0.401861,-0.859186,-1.46215,-1.44295,0.18712,2.31582,-1.34146,-0.980509,25.7154,-12.9642
580,2.07786,-0.418834,0.401861,0.340535,-0.208049,1.5733,0.53924,0.427733,-0.324959,0.259603,12.6663,-19.8388
581,-0.764055,-1.03811,-1.1449,0.84568,1.28493,-0.217599,-1.71432,-0.830991,0.691538,0.672974,3.24217,-6.13752
582,-1.03908,1.21381,1.77015,-1.80633,-0.924681,-0.500372,1.24348,0.713807,-1.16208,-1.46277,19.4294,-16.3259
583,-0.305682,-1.26331,-1.56134,1.41397,0.926617,0.347948,-0.869237,-1.11706,1.16989,0.672974,4.32816,-8.14073
584,-0.855729,-0.925518,-1.50185,0.593108,0.389144,0.159432,-1.29178,-1.34592,1.64824,0.397394,3.61325,-6.83936
585,-0.489031,-1.03811,-1.02592,0.719394,1.10577,0.630721,-0.869237,-0.830991,0.811126,0.672974,3.12503,-5.89136
586,-1.13075,0.819726,1.4727,-1.42747,-1.46215,-0.217599,1.17305,0.885451,-1.22187,-1.0494,19.7651,-16.135
587,-0.855729,-1.65739,-1.1449,0.340535,1.1655,-1.34869,-1.3622,-1.34592,1.46886,0.466289,2.65759,-5.00681
588,0.061016,1.43901,0.996769,-1.55376,-1.04412,-0.217599,0.18712,0.828236,-1.34146,-0.980509,22.7385,-14.5657
589,0.152691,1.10122,-0.193048,-0.985472,-1.34272,-1.91424,-0.164999,2.20139,-1.34146,-1.18719,26.5737,-12.5157
590,0.519389,-0.644027,-0.252539,1.41397,1.34465,1.29052,-0.657966,-0.659347,0.631744,1.49972,7.76433,-14.4859
591,-0.580706,0.538235,0.639824,-0.227754,0.389144,1.10201,0.116696,0.370518,0.27298,1.01745,10.7008,-20.0787
592,-1.22243,1.27011,1.77015,-1.6169,-1.40243,-1.16018,1.3139,0.484948,-1.40125,-1.0494,20.2338,-15.8875
593,-1.49745,-0.981816,-0.728466,0.656251,1.28493,0.347948,-0.587542,-0.888206,1.52865,0.535184,4.27851,-8.06704
594,1.61948,1.10122,1.11575,-0.985472,-0.805242,-0.311856,1.3139,0.771022,-0.922899,-0.291557,15.7657,-18.2438
595,-1.86415,-1.03811,-1.1449,0.593108,0.030828,-0.029083,-1.08051,-1.11706,1.40907,0.672974,4.50348,-8.46854
596,-0.397357,-0.869219,-0.96643,1.09825,0.508582,-0.311856,-0.798814,-0.659347,0.631744,1.01745,5.56168,-10.4234
597,0.977762,0.425639,0.104406,-0.35404,0.269705,1.5733,0.468816,0.484948,0.452362,0.741869,10.5986,-19.9048
598,-0.122333,1.38271,0.401861,-0.922329,-0.924681,-1.25443,0.327968,1.51481,-1.34146,-1.39388,25.1349,-13.2783
599,-0.214007,0.256744,0.996769,0.340535,0.68774,0.724979,0.750511,0.542163,0.512156,0.741869,10.832,-20.2816
600,-0.67238,-0.981816,-1.20439,1.1614,1.76269,0.159432,-1.43263,-1.28871,0.87092,0.259603,3.33355,-6.29516
601,-1.22243,-1.6011,-1.08541,1.03511,1.22521,-0.123341,-1.15093,-1.23149,1.40907,0.259603,1.2212,-2.29449
602,-0.489031,-0.981816,-0.906939,0.656251,0.68774,0.159432,-0.587542,-1.23149,1.46886,0.328499,2.88467,-5.43855
603,0.794413,0.313042,0.34237,0.214248,0.568302,2.32736,-0.024151,-1.11706,0.153392,1.15524,9.91176,-18.5637
604,-1.49745,-0.925518,-0.906939,0.340535,0.68774,-0.029083,-1.57348,-1.28871,1.46886,0.259603,1.16862,-2.19194
605,-0.122333,-1.20701,-0.847448,1.1614,1.46409,0.724979,-0.72839,-0.773776,0.930714,0.741869,6.4546,-12.0728
606,1.43614,0.707129,0.580333,0.529964,-0.924681,0.25369,0.820935,0.427733,-0.324959,0.604079,11.8182,-20.3186
607,0.886087,0.481937,1.05626,-1.68005,-1.40243,-0.123341,1.3139,0.599377,-1.10228,-0.980509,15.7632,-18.2492
608,1.43614,-0.24994,0.044915,0.214248,-0.088611,1.66756,1.17305,0.656592,-0.324959,0.052918,11.4504,-20.4298
609,-0.305682,1.38271,0.639824,-0.922329,-1.34272,-1.25443,-0.235423,1.62924,-1.10228,-1.18719,23.9763,-13.9024
610,-0.947404,-0.587729,-0.906939,1.41397,1.1655,0.913494,-0.446694,-0.945421,0.631744,0.879659,7.54891,-14.0724
611,1.25279,0.256744,1.05626,-1.30119,-0.924681,-0.783145,1.66602,0.599377,-1.16208,-1.1183,16.8178,-17.707
612,0.061016,-0.475132,-0.431012,1.1614,0.74746,1.19627,-1.15093,-0.0872,0.631744,1.43082,9.27607,-17.3728
613,0.244365,0.932322,1.4727,-0.922329,-1.16356,-0.783145,1.52517,0.542163,-1.16208,-0.980509,17.5993,-17.2911
614,-1.86415,1.83309,0.520842,-0.985472,-0.924681,-1.44295,0.046273,1.4576,-1.16208,-0.980509,22.6449,-14.6069
615,0.244365,-0.081045,0.223388,0.529964,0.568302,2.2331,0.116696,-0.487703,0.213186,0.810764,9.62839,-18.0611
616,-0.030658,1.04492,1.4727,-0.922329,-1.34272,-0.783145,1.52517,0.656592,-0.922899,-1.46277,17.388,-17.4043
617,1.98618,0.36934,0.520842,0.529964,-0.088611,1.5733,0.53924,0.427733,0.27298,0.328499,10.3801,-19.4953
618,2.07786,0.650831,0.520842,-1.1749,-0.566365,1.19627,0.820935,0.313304,-0.743517,-0.567138,14.0552,-19.1173
619,-1.77248,-1.4322,-1.20439,0.403678,0.448863,-0.029083,-1.6439,-1.34592,1.40907,0.328499,1.64314,-3.09114
620,0.702738,-0.869219,-0.193048,0.782537,0.866898,0.819237,-0.446694,-1.05985,0.631744,1.63751,8.45294,-15.7925
621,0.33604,0.707129,1.23473,-0.859186,-1.34272,-0.029083,1.66602,0.942666,-0.803311,-1.32498,17.7175,-17.2232
622,2.35288,0.425639,0.163897,0.593108,0.329424,0.724979,0.680087,0.198874,0.512156,0.672974,10.8168,-20.2959
623,1.71116,0.538235,0.639824,-1.04862,-0.566365,-0.688887,1.3139,0.771022,-0.564135,-0.842718,14.5643,-18.8765
624,-0.030658,1.04492,0.461352,-0.922329,-1.10384,-0.783145,0.398392,1.62924,-1.10228,-0.704928,24.4903,-13.6206
625,-0.397357,1.4953,0.401861,-0.922329,-0.566365,-1.25443,0.257544,1.28595,-1.22187,-0.842718,23.8456,-13.9575
626,-0.214007,0.98862,-0.133557,-1.36433,-1.34272,-1.91424,-0.235423,1.4576,-1.46105,-1.60056,27.3157,-12.1126
627,-2.0475,-1.09441,-1.73981,0.782537,1.34465,0.630721,-1.85517,-0.830991,0.990508,0.466289,4.78981,-9.01451
628,-0.214007,1.43901,1.23473,-1.11176,-1.04412,-0.311856,0.53924,0.713807,-1.10228,-0.980509,20.1804,-15.9205
629,0.061016,1.04492,0.639824,-1.11176,-1.04412,-2.38553,0.327968,1.8581,-1.04249,-1.32498,27.0215,-12.2768
630,-0.489031,-0.981816,-0.96643,0.466821,1.52381,0.159432,-1.9256,-1.28871,1.40907,-0.980509,3.15862,-5.95186
631,0.244365,-0.024747,0.163897,0.529964,0.628021,2.13884,0.116696,-0.373273,0.093598,0.741869,9.67145,-18.1536
632,-0.489031,0.594533,1.23473,-0.985472,-0.924681,-0.217599,0.750511,0.99988,-1.16208,-1.39388,18.0033,-17.082
633,-0.947404,0.36934,0.163897,-1.1749,-1.40243,-1.72572,0.18712,2.08696,-1.28166,-1.32498,25.428,-13.1108
634,2.16953,0.481937,0.639824,-0.922329,-0.446927,0.630721,1.38433,0.313304,-0.504341,-0.291557,13.1757,-19.5583
635,-0.305682,1.38271,0.223388,-1.1749,-1.22328,-1.06592,-0.024151,2.14418,-1.28166,-0.980509,25.8147,-12.9046
636,-0.030658,0.313042,1.41321,-1.11176,-1.34272,-0.406114,1.73644,0.656592,-1.16208,-1.1183,16.9865,-17.6128
637,-0.397357,1.10122,0.580333,-1.55376,-1.34272,-1.34869,0.257544,1.80089,-1.04249,-1.39388,26.0248,-12.802
638,-1.22243,-0.981816,-1.26388,1.35083,1.40437,0.065175,-1.01008,-0.716562,1.52865,0.259603,3.71164,-7.01252
639,-0.122333,1.04492,1.4727,-1.30119,-0.9844,-0.783145,0.609663,0.942666,-1.16208,-0.980509,19.9973,-16.0134
640,-0.67238,-1.20701,-1.38287,0.087962,1.40437,-0.59463,-0.869237,-1.11706,0.930714,0.672974,2.33297,-4.39698
641,0.244365,-0.137343,-0.252539,1.09825,0.68774,1.5733,-0.446694,-0.602132,0.751332,0.879659,8.98908,-16.8248
642,-0.030658,1.21381,1.35371,-0.985472,-1.22328,-0.500372,-0.024151,0.599377,-1.22187,-1.18719,20.3687,-15.8129
643,-0.489031,0.707129,1.4727,-1.23804,-1.283,-0.500372,1.73644,0.771022,-0.863105,-1.0494,17.0743,-17.5741
644,0.427715,-0.644027,-0.371521,1.22454,0.74746,1.00775,-0.164999,-0.659347,0.631744,1.49972,7.74326,-14.4485
645,-0.122333,-0.812921,-0.490503,0.403678,0.568302,0.442206,-1.43263,-1.23149,1.46886,0.948555,6.68179,-12.4871
646,1.25279,-0.024747,-0.668975,0.277392,0.74746,1.00775,0.116696,-0.0872,-0.085784,1.22414,9.69229,-18.1423
647,-0.489031,-1.3759,-1.20439,1.47711,1.40437,-0.406114,-0.798814,-1.23149,0.87092,0.328499,3.48712,-6.60044
648,1.61948,-0.024747,0.877788,0.277392,-0.208049,2.04459,0.750511,0.771022,0.811126,0.879659,10.5842,-19.9566
649,-0.397357,0.707129,0.223388,-1.11176,-1.22328,-1.06592,-0.37627,1.40038,-1.28166,-1.1183,26.744,-12.417
650,-0.305682,-1.4885,-0.847448,1.54026,0.986337,0.347948,-0.869237,-0.659347,0.930714,0.604079,6.12967,-11.4499
651,0.702738,0.538235,0.223388,-0.290897,0.269705,0.630721,0.116696,-0.029985,0.631744,0.466289,10.5112,-19.7106
652,-0.305682,1.5516,0.520842,-1.74319,-1.04412,-1.06592,0.18712,0.656592,-1.28166,-1.1183,23.5659,-14.0964
653,-0.305682,1.38271,0.223388,-1.04862,-1.04412,-1.63146,0.398392,1.68646,-0.922899,-1.0494,24.4976,-13.6193
654,0.061016,1.38271,1.23473,-1.6169,-0.9844,-0.783145,1.17305,1.0571,-1.34146,-0.980509,22.534,-14.6587
655,2.16953,0.425639,0.996769,-0.038324,-0.745523,-0.217599,1.17305,0.313304,-0.564135,-0.153767,12.7061,-19.7947
656,0.061016,-0.869219,-0.847448,1.1614,0.986337,0.630721,-1.9256,-0.487703,0.213186,0.948555,7.25688,-13.5355
657,0.152691,-0.24994,0.044915,-0.038324,-0.446927,0.819237,0.398392,-0.144414,0.87092,0.328499,9.71728,-18.2304
658,-0.67238,-0.981816,-1.02592,0.84568,0.508582,-1.63146,-1.57348,-0.830991,0.930714,0.259603,5.85327,-10.9456
659,-0.305682,-1.4322,-1.26388,0.656251,0.866898,0.724979,-1.15093,-1.11706,0.990508,0.741869,2.20903,-4.13193
660,-0.947404,-0.700325,-0.96643,1.1614,1.40437,0.347948,-0.869237,-1.17428,1.34927,1.08634,4.6387,-8.7195
661,-0.67238,-0.981816,-0.431012,1.28768,1.28493,1.19627,-0.657966,-0.773776,0.930714,1.63751,7.3224,-13.6442
662,-0.030658,-0.475132,-0.133557,0.403678,0.150267,1.85607,0.18712,-0.144414,0.512156,0.672974,9.17141,-17.1925
663,1.06944,-0.475132,-1.02592,0.656251,0.389144,1.66756,-0.024151,-0.029985,0.512156,1.43082,9.44133,-17.6877
664,-0.397357,1.32641,1.23473,-1.30119,-1.16356,-0.500372,0.53924,1.51481,-1.16208,-1.94504,21.6397,-15.1428
665,0.427715,-0.700325,-0.193048,0.277392,0.448863,2.13884,0.257544,-0.258844,0.512156,0.466289,10.226,-19.1969
666,0.061016,1.4953,0.401861,-1.55376,-1.22328,-1.53721,0.327968,1.11431,-1.40125,-1.32498,22.1851,-14.8429
667,1.34446,-0.024747,0.937279,0.340535,0.030828,1.5733,0.116696,0.313304,0.87092,1.01745,10.7429,-20.1466
668,0.886087,-0.925518,0.104406,-0.35404,0.568302,1.66756,-0.37627,-0.0872,0.093598,0.741869,9.63359,-18.055
669,0.061016,-1.09441,-0.96643,0.593108,0.74746,0.347948,-1.15093,-0.773776,0.930714,1.56861,6.02378,-11.2495
670,2.26121,0.36934,0.996769,0.087962,0.030828,-0.877403,0.891359,0.542163,-0.324959,0.328499,12.2813,-20.0296
671,-1.40578,0.256744,0.461352,-1.6169,-1.52187,-0.971661,0.468816,1.97253,-1.16208,-1.66946,26.7626,-12.4101
672,2.16953,0.313042,0.699315,-0.227754,-0.387207,0.347948,0.891359,0.256089,-0.324959,0.121813,12.7196,-19.7976
673,-0.214007,-0.756623,0.044915,1.09825,0.329424,0.25369,0.257544,-0.716562,0.87092,0.397394,8.68251,-16.2564
674,-0.947404,1.21381,1.23473,-1.30119,-1.34272,-1.16018,0.820935,1.28595,-1.10228,-0.980509,21.5728,-15.1669
675,-0.122333,0.425639,1.35371,-1.23804,-1.283,-1.44295,1.73644,0.313304,-1.34146,-0.980509,17.1653,-17.5222
676,-1.03908,-1.15071,-1.56134,1.1614,1.28493,-0.029083,-1.08051,-1.17428,0.57195,0.672974,1.62596,-3.05339
677,0.061016,1.27011,1.4727,-1.30119,-1.34272,-0.688887,1.24348,0.942666,-0.743517,-1.25609,18.8693,-16.6121
678,0.061016,-1.20701,-1.20439,0.403678,0.628021,-0.123341,-1.01008,-1.11706,1.16989,0.604079,4.85538,-9.11781
679,-0.122333,1.32641,1.35371,-1.30119,-0.864962,-0.123341,0.468816,1.51481,-1.16208,-1.39388,21.5923,-15.1691
680,-1.3141,1.21381,1.17524,-0.859186,-1.46215,-1.81998,0.468816,1.11431,-1.34146,-1.1183,21.3568,-15.2828
681,1.43614,0.707129,0.996769,-0.796043,-0.745523,-0.783145,1.45475,0.656592,-0.922899,-0.360453,14.7334,-18.7719
682,-0.397357,1.15752,1.35371,-1.68005,-0.805242,-0.971661,1.5956,0.599377,-0.982693,-0.773823,17.6079,-17.2881
683,-0.122333,-0.812921,-1.02592,1.28768,0.68774,0.724979,-0.517118,-0.487703,0.512156,1.63751,8.3004,-15.5071
684,-0.305682,-0.644027,-1.26388,0.656251,0.74746,1.5733,-0.72839,-0.773776,0.631744,1.84419,7.97352,-14.8617
685,1.61948,1.04492,0.996769,-0.922329,-0.566365,-0.311856,0.750511,0.656592,-0.922899,-0.222662,14.9314,-18.6764
686,0.061016,1.38271,-0.014576,-1.30119,-0.566365,-0.500372,0.398392,1.22874,-1.16208,-1.0494,24.6769,-13.5175
687,0.152691,-0.700325,-0.728466,0.593108,1.40437,0.630721,-0.657966,-0.716562,0.87092,1.56861,7.55769,-14.1002
688,-0.397357,1.15752,0.758806,-1.1749,-1.40243,-1.63146,0.53924,2.08696,-1.34146,-1.60056,26.9706,-12.301
689,1.80283,0.36934,0.996769,0.277392,0.269705,1.19627,0.680087,0.084445,-0.085784,0.466289,10.332,-19.4697
690,-0.855729,-0.925518,-1.20439,1.1614,1.46409,-0.406114,-1.22136,-1.00264,1.28948,-0.842718,3.08025,-5.84915
691,1.06944,0.932322,0.996769,-0.922329,-1.04412,-1.53721,1.5956,-0.602132,-0.922899,-0.911613,16.1855,-18.0392
692,1.71116,0.538235,0.520842,-0.417184,-0.208049,0.442206,0.116696,0.713807,-0.324959,0.121813,13.1339,-19.5961
693,-0.030658,-1.09441,-0.371521,1.41397,1.04606,-0.500372,-0.587542,-1.40314,0.811126,1.22414,7.3476,-13.6853
694,-0.122333,-0.925518,-1.26388,0.971967,1.34465,0.159432,-0.305847,-1.34592,0.691538,0.741869,7.58766,-14.1454
695,0.152691,1.21381,1.29422,-0.796043,-1.34272,-0.217599,0.680087,0.542163,-0.922899,-1.32498,21.2276,-15.3525
696,1.06944,-0.137343,-1.1449,0.403678,0.508582,0.442206,0.116696,-0.487703,0.452362,1.7753,8.88499,-16.6294
697,0.061016,1.4953,1.11575,-1.30119,-1.22328,-0.406114,0.750511,1.28595,-1.46105,-1.46277,21.2627,-15.3572
698,1.34446,0.425639,0.639824,0.277392,0.389144,0.913494,0.750511,0.771022,-0.085784,0.328499,10.9406,-20.3925
699,1.43614,0.650831,0.34237,-0.038324,-0.685804,0.913494,0.750511,0.370518,-0.683723,-1.1183,13.1525,-19.5666
700,2.35288,0.313042,0.758806,-0.101468,-0.506646,-0.500372,1.17305,0.427733,-0.324959,-0.291557,13.4166,-19.4413
701,-0.305682,1.38271,-0.193048,-1.1749,-0.626084,-0.406114,0.257544,1.34317,-1.22187,-0.980509,24.8108,-13.4581
702,-1.6808,-1.09441,-0.609484,1.6034,0.448863,0.536463,-0.517118,-0.888206,1.0503,0.466289,6.78627,-12.6834
703,0.33604,-1.5448,-0.371521,0.84568,0.389144,0.25369,-0.517118,-0.716562,0.392568,1.43082,5.96974,-11.1587
704,2.35288,0.594533,1.11575,-0.164611,-0.566365,-1.25443,1.38433,-0.544917,-0.444547,-0.567138,13.1591,-19.5771
705,-0.305682,-0.644027,-0.787957,1.54026,0.68774,0.630721,-0.587542,-0.830991,1.0503,0.259603,7.10454,-13.2392
706,-0.67238,-1.3196,-0.787957,1.41397,0.269705,0.913494,-0.587542,-1.17428,0.990508,1.01745,6.77988,-12.6618
707,-0.030658,-0.644027,-0.668975,0.782537,0.926617,1.95033,-0.869237,-0.716562,0.631744,1.29303,8.6668,-16.1993
708,-0.67238,-1.20701,-1.56134,0.656251,1.40437,-0.406114,-1.01008,-0.544917,0.631744,0.741869,5.05454,-9.48201
709,0.061016,0.36934,1.94862,-1.6169,-1.22328,-0.783145,1.3139,0.885451,-0.922899,-1.32498,19.8896,-16.0681
710,0.33604,1.4953,1.17524,-1.6169,-0.9844,-0.406114,0.609663,1.22874,-1.34146,-0.980509,21.299,-15.3258
711,0.519389,-1.15071,-0.668975,0.277392,1.28493,1.47904,-0.446694,-0.659347,0.57195,-0.222662,7.48727,-13.9666
712,2.26121,0.538235,0.223388,0.277392,0.508582,1.00775,0.680087,0.313304,0.930714,0.741869,10.8023,-20.2462
713,-0.397357,-0.925518,-1.68032,0.782537,0.448863,-0.029083,-1.01008,-1.34592,1.0503,0.604079,4.95125,-9.27226
714,1.71116,-0.24994,0.699315,-0.606613,-0.446927,1.76181,1.3139,0.542163,-0.324959,0.052918,11.4403,-20.4508
715,-0.764055,-1.3759,-1.73981,-0.480327,1.34465,-1.53721,-1.01008,-1.28871,1.76783,0.672974,2.14615,-3.98831
716,-0.214007,1.04492,1.82964,-1.11176,-1.22328,-1.16018,1.45475,0.828236,-1.16208,-1.1183,18.437,-16.8408
717,-0.67238,-0.812921,-1.1449,0.782537,0.866898,-0.029083,-1.3622,-1.23149,1.1101,0.604079,1.64506,-3.06621
718,-0.305682,-1.15071,-1.02592,0.782537,1.52381,0.159432,-1.22136,-1.17428,0.930714,0.879659,3.26662,-6.15928
719,-0.947404,-1.15071,-1.02592,1.41397,1.28493,-0.406114,-1.22136,-0.830991,0.392568,0.121813,3.3465,-6.33233
720,0.611064,0.538235,1.23473,-1.23804,-1.283,-0.217599,1.73644,0.713807,-1.22187,-1.1183,15.6582,-18.3017
721,0.886087,-0.362536,-0.668975,0.529964,1.22521,0.819237,-0.939661,-1.23149,1.0503,1.36193,8.5189,-15.9352
722,-0.580706,-0.700325,-0.847448,0.593108,1.34465,-0.029083,-0.869237,-1.28871,1.46886,0.121813,2.37749,-4.50096
723,-0.122333,0.932322,0.818297,-1.36433,-1.40243,-1.06592,0.116696,2.20139,-1.28166,-1.60056,25.8273,-12.9022
724,-0.67238,0.256744,0.461352,0.087962,0.508582,2.04459,0.257544,-0.029985,-0.205372,0.879659,9.92639,-18.6252
725,-1.40578,-0.981816,-0.847448,1.22454,1.04606,0.724979,-0.657966,-0.659347,0.631744,1.08634,8.07277,-15.0509
726,-0.67238,-0.925518,-1.62083,1.22454,0.807179,-0.59463,-1.22136,-1.23149,0.990508,0.466289,3.65684,-6.90671
727,-0.305682,0.538235,0.34237,-1.36433,-1.34272,-1.44295,-0.657966,1.97253,-1.22187,-1.1183,26.776,-12.4019
728,-0.214007,-0.869219,-0.96643,0.782537,1.04606,0.536463,-1.01008,-0.888206,0.57195,0.879659,5.37773,-10.0944
729,-0.397357,1.38271,0.937279,-1.49062,-1.40243,-0.783145,1.10263,1.22874,-1.34146,-1.18719,22.3923,-14.7334
730,-0.580706,1.27011,0.401861,-1.42747,-1.52187,-1.72572,0.327968,2.02975,-0.982693,-1.1183,25.4368,-13.1214
731,0.33604,0.481937,0.520842,0.151105,0.389144,1.5733,1.10263,0.484948,0.57195,0.328499,10.5642,-19.9771
732,-0.030658,0.819726,1.4727,-1.04862,-1.34272,-0.59463,1.5956,0.713807,-1.04249,-0.980509,17.7233,-17.2192
733,-0.397357,-0.869219,-1.62083,0.782537,1.40437,0.347948,-0.446694,-1.28871,1.52865,0.741869,6.53372,-12.206
734,-0.489031,-1.4885,-0.906939,1.28768,1.04606,-0.123341,-1.08051,-1.11706,0.930714,0.397394,5.20359,-9.79686
735,-0.489031,1.27011,0.223388,-1.30119,-1.283,-1.44295,0.257544,1.8581,-1.10228,-1.46277,26.3201,-12.6448
736,-0.764055,-1.03811,-0.847448,1.22454,0.68774,0.25369,-1.08051,-0.830991,1.64824,0.810764,4.02295,-7.55808
737,1.61948,0.425639,0.699315,-0.985472,-0.506646,0.819237,0.961783,0.771022,-0.384753,-0.773823,13.8323,-19.234
738,-0.580706,-0.812921,-1.38287,1.28768,1.28493,1.76181,-0.587542,-1.00264,0.631744,1.7753,8.15006,-15.2199
739,0.427715,0.707129,1.05626,-1.42747,-0.685804,-0.029083,1.38433,0.656592,-0.922899,-0.291557,15.6608,-18.3012
740,-0.030658,1.15752,1.82964,-0.985472,-1.22328,-0.500372,1.45475,0.771022,-1.16208,-1.87615,19.8098,-16.0988
741,0.794413,-0.24994,-0.847448,0.214248,0.74746,0.630721,-0.446694,-0.373273,0.213186,1.43082,8.47012,-15.8433
742,-0.214007,1.15752,0.639824,-1.49062,-1.16356,-0.688887,0.257544,0.828236,-1.34146,-1.60056,22.8228,-14.5063
743,0.794413,0.538235,0.163897,0.466821,0.74746,0.442206,0.18712,-0.316058,0.631744,0.466289,10.8272,-20.2951
744,1.61948,0.144148,0.401861,0.340535,-0.685804,1.76181,0.891359,0.542163,-0.085784,-0.015977,11.3998,-20.4626
745,-1.22243,-0.925518,-0.96643,1.35083,0.68774,-0.500372,-1.01008,-1.23149,1.46886,-0.980509,3.30659,-6.26525
746,1.61948,0.200446,0.877788,-0.038324,0.030828,1.85607,1.24348,0.656592,0.631744,0.741869,11.0832,-20.4466
747,-0.489031,1.04492,0.996769,-1.30119,-1.22328,-0.971661,0.398392,1.62924,-0.803311,-0.842718,25.8914,-12.8724
748,-1.13075,-0.700325,-0.96643,1.41397,1.46409,0.347948,-1.43263,-1.00264,1.40907,0.672974,3.34288,-6.29713
749,2.35288,0.707129,0.996769,-0.164611,-0.446927,1.19627,1.38433,0.313304,-0.085784,-0.567138,14.3008,-18.9917
750,-0.764055,1.15752,1.53219,-1.68005,-1.283,-0.877403,0.53924,0.427733,-0.982693,-0.704928,18.4189,-16.8443
751,-0.489031,-0.475132,-0.133557,1.1614,0.389144,1.29052,0.046273,-1.23149,0.213186,0.397394,9.03652,-16.9278
752,-0.214007,1.38271,1.23473,-0.985472,-1.04412,-0.783145,0.750511,0.99988,-1.22187,-1.0494,22.0764,-14.9045
753,-1.03908,-0.756623,-0.96643,1.35083,0.926617,-0.029083,-1.78475,-1.34592,1.46886,0.604079,4.05312,-7.64156
754,0.061016,1.10122,0.282879,-1.1749,-1.46215,-0.971661,0.257544,2.20139,-1.34146,-1.25609,26.7942,-12.4017
755,-0.489031,0.819726,1.41321,-1.49062,-1.40243,-0.311856,1.3139,0.828236,-0.803311,-1.1183,17.9262,-17.0989
756,-0.214007,-0.925518,-0.728466,0.908824,0.74746,0.630721,-0.939661,-0.888206,1.40907,0.397394,6.54517,-12.2259
757,0.427715,-0.700325,-0.074066,0.214248,0.866898,1.5733,-1.57348,-0.373273,1.0503,1.63751,8.24961,-15.4054
758,0.611064,-0.475132,-0.133557,0.84568,0.807179,1.76181,-1.15093,-0.373273,0.57195,1.08634,8.43677,-15.7835
759,-1.58913,-1.4885,-0.847448,0.719394,0.68774,-0.406114,-0.939661,-1.00264,1.0503,0.604079,1.33687,-2.52417
760,-0.122333,-1.09441,-1.32337,0.908824,0.986337,0.630721,-0.587542,-1.23149,1.28948,1.43082,7.05243,-13.1448
761,-0.855729,-0.812921,-1.62083,-0.227754,0.389144,-0.783145,-0.939661,-1.23149,1.28948,0.672974,2.35374,-4.44292
762,-0.122333,-1.09441,-0.96643,1.6034,1.46409,0.065175,-0.446694,-0.945421,0.751332,0.535184,5.73697,-10.7224
